userId,movieId,addedOn
358,tt5463162,6/28/25
1996,tt3778644,7/10/25
1941,tt26625693,5/20/25
838,tt2283362,6/24/25
928,tt18925334,5/30/25
331,tt7784604,5/17/25
114,tt1259528,3/22/25
1768,tt5727208,12/23/24
1737,tt3104988,4/7/25
994,tt5013056,4/27/25
748,tt2140379,12/21/24
1992,tt8385148,7/21/25
1792,tt11563598,11/21/24
430,tt15239678,6/26/25
1406,tt9777666,11/30/24
1319,tt3659388,2/8/25
1708,tt1951266,6/4/25
1810,tt6264654,12/8/24
161,tt6791350,10/17/24
549,tt15671028,11/4/24
1411,tt18925334,11/10/24
284,tt2096673,6/14/25
1751,tt1392190,6/5/25
1861,tt1877830,4/2/25
1312,tt0369610,12/22/24
525,tt1638355,3/14/25
1889,tt8772262,6/6/25
565,tt5362988,10/18/24
128,tt7040874,9/20/24
1200,tt6856242,11/11/24
1010,tt1727824,5/15/25
427,,7/28/25
1163,tt5700672,1/13/25
951,tt2798920,11/9/24
1916,tt7160372,1/25/25
1417,tt27131358,10/2/24
659,tt21382296,9/9/24
521,tt2873282,2/19/25
654,tt3464902,2/17/25
1454,tt10366206,10/4/24
5,tt2380307,5/15/25
686,tt3470600,7/5/25
1765,tt2798920,3/12/25
1070,tt4633694,6/21/25
397,tt1270797,7/22/25
1195,tt6791350,5/18/25
825,tt7401588,5/24/25
604,tt1226837,4/26/25
1603,tt2250912,1/5/25
1327,tt3104988,2/1/25
1098,tt5177120,5/4/25
789,tt19770238,1/24/25
1393,tt5726616,7/13/25
403,tt11286314,3/22/25
100,tt6048922,3/20/25
458,tt0369610,3/3/25
818,tt7939766,4/26/25
1034,tt9214832,3/15/25
1970,tt8999762,4/27/25
983,tt3110958,8/13/24
1215,tt21064584,9/1/24
1934,tt9620288,3/20/25
910,tt1745960,7/31/25
775,tt10366206,10/22/24
203,tt6499752,5/26/25
1846,tt0490215,9/30/24
299,tt4633694,8/9/25
1097,tt11083552,10/24/24
163,tt11858890,6/25/25
368,tt8385148,8/27/24
1923,tt4257926,10/20/24
1841,tt4481414,6/12/25
1961,tt4846340,4/21/25
737,tt2096673,1/21/25
1140,tt8613070,10/20/24
1154,tt10731256,2/25/25
1157,tt6791350,12/31/24
1914,tt3110958,3/4/25
1581,tt2096673,6/17/25
687,tt28249919,7/4/25
47,tt3397884,3/10/25
1585,tt1302006,7/10/25
1953,tt4257926,10/30/24
988,tt3470600,5/31/25
1358,tt3315342,2/12/25
1781,tt15239678,12/31/24
1960,tt8503618,4/30/25
218,tt3890160,11/11/24
1681,tt15398776,10/18/24
1295,tt2582782,12/10/24
961,tt1259528,8/2/25
417,tt1485796,2/7/25
843,tt17279496,7/29/25
866,tt6499752,12/8/24
560,tt11866324,11/15/24
1278,tt10370710,3/7/25
556,tt28015403,8/27/24
1984,tt10545296,3/7/25
104,tt2582782,3/20/25
1864,tt2975590,1/12/25
523,tt1911644,10/18/24
14,tt8999762,3/13/25
1243,tt1950186,9/16/24
1787,tt15791034,6/14/25
359,tt2140379,4/26/25
1440,tt11235772,8/17/24
1266,tt10370710,7/10/25
1991,tt1856101,11/8/24
35,tt4139588,2/1/25
139,tt10366460,9/3/24
476,tt1160419,12/20/24
295,tt15239678,9/29/24
1822,tt1630029,3/17/25
491,tt8633478,11/2/24
912,tt2953050,4/26/25
1031,tt9484998,3/1/25
961,tt1950186,4/18/25
135,tt11032374,8/7/25
1512,tt2948372,3/3/25
1261,tt8267604,6/1/25
1763,tt2140479,9/19/24
1298,tt10954984,12/17/24
1765,tt1661199,2/27/25
1044,tt8999762,7/18/25
1013,tt1663202,10/28/24
1951,tt4139588,1/21/25
451,tt1727824,3/3/25
1670,tt3076658,8/17/24
625,tt7737786,11/16/24
472,tt6966692,10/29/24
1805,tt11813216,4/15/25
1958,tt29623480,8/9/25
714,tt3104988,12/19/24
1261,tt2140379,1/30/25
506,tt1431045,7/9/25
1396,tt2106476,10/17/24
1987,tt2953050,9/10/24
1462,tt17279496,8/13/24
1420,tt13238346,6/4/25
350,tt1649418,10/2/24
1917,tt4881806,9/21/24
733,tt4263482,11/9/24
1738,tt2527338,10/16/24
424,tt15398776,11/28/24
1625,tt7401588,8/24/24
324,tt15791034,7/5/25
640,tt11813216,5/20/25
346,tt7888964,9/10/24
1362,tt9114286,4/10/25
989,tt1677720,6/27/25
963,tt9484998,11/25/24
1953,tt3104988,6/16/25
508,tt22375054,6/28/25
22,tt1517451,5/2/25
1451,tt5638642,12/29/24
238,tt5052448,8/7/25
615,tt28249919,5/24/25
727,tt1663202,6/23/25
1923,tt4481414,1/6/25
885,tt8503618,9/3/24
536,tt6751668,12/20/24
78,tt1302006,7/7/25
325,tt7798634,4/17/25
1750,tt5463162,7/8/25
367,tt15239678,2/25/25
184,tt7939766,4/22/25
1726,tt1488606,2/7/25
682,tt7846844,5/29/25
636,tt22375054,7/23/25
1580,tt2361509,7/7/25
1881,tt7131622,11/2/24
85,tt4154756,11/10/24
24,tt0369610,5/11/25
272,tt3794354,1/15/25
680,tt20215968,12/6/24
1547,tt7547410,2/14/25
1611,tt2283362,7/20/25
1751,tt7784604,12/28/24
1359,tt7286456,1/10/25
385,tt1302006,2/28/25
1121,tt15671028,3/22/25
1250,tt19770238,10/19/24
918,tt2798920,4/16/25
418,tt6334354,4/28/25
1627,tt3281548,8/1/25
1671,tt4154796,12/6/24
1535,tt19770238,5/6/25
883,tt2704998,6/25/25
572,tt4495098,8/1/25
1976,tt17279496,3/16/25
1844,tt11138512,1/20/25
680,tt2404435,4/10/25
1321,tt11866324,8/31/24
113,tt10872600,1/11/25
1461,tt10370710,1/31/25
1738,tt1661199,11/2/24
602,tt3521164,9/9/24
640,tt8613070,10/10/24
685,tt15314262,12/20/24
704,tt11235772,9/22/24
236,tt2106476,4/29/25
948,tt11813216,11/16/24
833,tt11866324,8/4/25
782,tt7160372,12/4/24
178,tt1745960,12/19/24
1356,tt3281548,12/28/24
1216,tt4846340,3/19/25
340,tt12584954,8/5/25
1065,tt5027774,11/9/24
1665,tt29623480,2/18/25
1064,tt1661199,10/2/24
299,tt2975590,4/7/25
457,tt3659388,4/14/25
60,tt1431045,6/6/25
420,tt4495098,3/16/25
1933,tt2379713,9/22/24
1594,tt3470600,4/29/25
1285,tt4154796,7/12/25
490,tt4481414,4/11/25
1822,tt3110958,3/13/25
840,tt18925334,7/6/25
1069,tt5700672,8/7/25
730,tt15474916,12/14/24
213,tt11813216,9/29/24
2000,tt4263482,6/11/25
1888,tt2873282,5/3/25
973,tt8332922,12/4/24
269,tt2404435,11/28/24
1101,tt7846844,7/31/25
696,tt2873282,12/11/24
1879,tt7846844,2/15/25
1782,tt12593682,10/18/24
1845,tt1630029,3/20/25
1460,tt3501632,4/4/25
1943,tt6856242,7/15/25
275,tt2119532,1/12/25
763,tt8999762,1/18/25
1848,tt4633694,6/16/25
1886,tt11286314,7/11/25
1692,tt6856242,12/13/24
1919,tt1877830,4/29/25
16,tt8946378,5/10/25
1848,tt3774694,11/2/24
238,tt5362988,11/7/24
955,tt5700672,5/3/25
568,tt15398776,10/14/24
1334,tt0478970,5/22/25
527,tt2283362,12/17/24
1552,tt3480822,10/21/24
1782,tt7160372,8/29/24
633,tt1950186,11/29/24
1199,tt2404435,4/12/25
405,tt1160419,9/13/24
700,tt7556122,9/28/24
542,tt6772802,2/20/25
235,tt2361509,4/1/25
1694,tt3470600,5/26/25
1589,tt2975590,1/18/25
1284,tt3315342,5/31/25
164,tt2798920,2/5/25
1915,tt7401588,8/4/25
1316,tt5311514,11/15/24
1270,tt3480822,6/20/25
270,tt9218128,11/25/24
1988,tt4495098,9/25/24
1077,tt6710474,12/29/24
405,tt1270797,9/11/24
1248,tt1911644,2/14/25
1229,tt20215968,8/21/24
1301,tt2096673,11/3/24
1943,tt2906216,12/26/24
507,tt10731256,9/4/24
926,tt27534307,7/17/25
887,tt9777666,5/6/25
1654,tt2488496,10/2/24
1228,tt1745960,6/6/25
1652,tt5362988,1/5/25
969,tt6048922,1/19/25
710,tt1790809,2/7/25
1256,tt17526714,6/17/25
1688,tt18925334,6/27/25
276,tt7711170,6/24/25
424,tt3659388,8/2/25
1500,tt21064584,4/28/25
126,tt1488606,12/11/24
1860,tt6791350,10/19/24
951,tt7798634,12/31/24
7,tt0974015,1/20/25
370,tt12584954,3/12/25
1529,tt7401588,11/13/24
1532,tt7401588,2/12/25
554,tt2798920,8/10/24
707,tt7939766,7/11/25
1887,tt5884796,4/12/25
841,tt2250912,2/24/25
1871,tt1392190,10/1/24
996,tt7349950,6/12/25
1269,tt6334354,5/21/25
1551,tt7984734,2/9/25
755,tt8332922,7/7/25
1409,tt10272386,2/5/25
1610,tt2404435,10/25/24
1705,tt11138512,12/9/24
869,tt7737786,5/24/25
1017,tt6751668,10/27/24
1022,tt11813216,8/14/24
1391,tt5537002,11/14/24
1117,tt7798634,3/28/25
1262,tt3315342,10/4/24
288,tt2527336,1/21/25
1264,tt2906216,11/18/24
1205,tt27534307,12/13/24
1570,tt2283362,4/22/25
591,tt18259086,4/20/25
1531,tt1630029,7/4/25
710,tt2488496,9/6/24
50,tt5776858,4/21/25
889,tt9777666,6/23/25
1892,tt2906216,5/4/25
593,tt4633694,6/28/25
560,tt1630029,3/23/25
1611,tt11564570,11/24/24
358,tt8760708,9/9/24
1583,tt12593682,12/6/24
1460,tt12037194,11/3/24
1967,tt1396484,6/2/25
10,tt2704998,1/17/25
1140,tt2704998,11/17/24
255,tt2283362,4/26/25
955,tt1431045,12/2/24
650,tt26625693,5/22/25
1797,tt2283362,12/12/24
116,tt17009710,11/3/24
1061,tt1877830,5/19/25
1899,tt9764362,7/5/25
993,tt8503618,11/17/24
217,tt2140379,8/13/24
1523,tt9114286,9/22/24
898,tt4495098,3/5/25
1891,tt11813216,3/24/25
1234,tt1649418,1/8/25
1829,tt5013056,6/3/25
960,tt5083738,11/16/24
1655,tt4495098,10/10/24
142,tt2494362,1/19/25
473,tt3076658,4/4/25
134,tt2906216,4/17/25
715,tt1911644,12/28/24
1594,tt1392190,2/11/25
275,tt5580390,11/2/24
1442,tt19770238,12/19/24
510,tt0490215,8/7/25
548,tt7991608,1/19/25
1571,tt1270797,9/8/24
1520,tt2381249,10/15/24
1054,tt2283362,2/8/25
1454,tt5884796,9/10/24
1904,tt5726616,12/1/24
1045,tt4495098,3/23/25
1491,tt7131622,6/25/25
1093,tt23849204,6/19/25
823,tt9421570,8/7/25
857,tt11138512,5/3/25
1046,tt4881806,11/25/24
474,tt3774694,11/19/24
1609,tt0103639,5/30/25
1064,tt20215234,6/19/25
291,tt26625693,8/28/24
127,tt10370710,5/16/25
1335,tt19770238,6/8/25
165,tt1856101,8/24/24
1713,tt15239678,2/5/25
164,tt2948356,7/12/25
143,tt8367814,6/20/25
1324,tt6857112,3/6/25
1886,tt11564570,4/19/25
1266,tt3397884,3/6/25
1470,tt1630029,5/22/25
1331,tt11138512,5/19/25
625,tt1959563,3/17/25
968,tt5726616,3/30/25
486,tt5700672,7/7/25
624,tt1825683,4/21/25
122,tt1596363,3/17/25
1300,tt1392190,8/21/24
1071,tt11235772,8/11/24
362,tt3076658,3/16/25
1434,tt7784604,6/11/25
444,tt10545296,3/12/25
1967,tt3315342,7/17/25
1472,tt7798634,5/1/25
157,tt2527336,11/8/24
23,tt3498820,10/30/24
575,tt2096673,1/10/25
430,tt4263482,6/9/25
470,tt8579674,2/27/25
327,tt1790809,12/10/24
1509,tt9603212,5/13/25
147,tt9421570,2/7/25
920,tt1638355,2/14/25
1482,tt3532216,6/6/25
902,tt1950186,7/13/25
888,tt2395427,11/9/24
758,tt9362722,1/13/25
1988,tt9620292,8/26/24
1077,tt8503618,1/11/25
1316,tt9603212,10/31/24
1943,tt3110958,6/21/25
576,tt1485796,6/17/25
1574,tt8936646,12/27/24
791,tt28607951,4/6/25
1420,tt9114286,9/27/24
1556,tt6334354,8/29/24
654,tt2798920,11/26/24
1838,tt12037194,3/14/25
1219,tt6644200,4/24/25
1790,tt2382320,5/1/25
491,tt10288566,1/29/25
711,tt4972582,4/11/25
1416,tt7737786,3/16/25
1064,tt15239678,3/26/25
1821,tt6146586,12/31/24
1818,tt12037194,4/11/25
1183,tt9376612,8/20/24
732,tt3829920,4/26/25
1885,tt2873282,4/11/25
850,tt2382320,6/20/25
1397,tt6857112,1/13/25
1186,tt3799694,7/12/25
424,tt1745960,1/4/25
1607,tt7784604,2/23/25
1917,tt2283362,4/21/25
1358,tt2873282,6/9/25
822,tt14961016,6/18/25
47,tt1517268,6/24/25
1052,tt15791034,6/29/25
148,tt6856242,4/20/25
1794,tt9214832,7/30/25
669,tt6264654,6/25/25
1659,tt2386490,3/1/25
1841,tt4154756,6/30/25
1910,tt1270797,7/23/25
1407,tt2948372,7/21/25
711,tt8385148,12/25/24
1058,tt2395427,5/19/25
846,tt17279496,8/30/24
1686,tt28607951,6/30/25
415,tt6146586,10/14/24
1407,tt3890160,8/27/24
1373,tt3460252,5/26/25
1588,tt6791350,3/10/25
1581,tt3464902,5/18/25
413,tt5884796,4/4/25
1029,tt6751668,12/27/24
1911,tt9620292,6/7/25
318,tt9376612,2/16/25
1164,tt13238346,6/30/25
1195,tt9421570,11/15/24
825,tt7711170,12/8/24
712,tt3532216,12/16/24
447,tt2582782,6/29/25
1097,tt5726616,12/23/24
1003,tt11286314,7/20/25
1218,tt18259086,4/7/25
1457,tt3498820,4/26/25
1152,tt23849204,8/24/24
382,tt6048922,3/9/25
302,tt1431045,12/18/24
1362,tt3498820,11/30/24
818,tt1270797,4/7/25
1467,tt3532216,3/31/25
155,tt27403986,2/6/25
693,tt6334354,8/22/24
1399,tt8385148,12/24/24
1214,tt6710474,8/12/24
16,tt17009710,6/2/25
1622,tt10288566,3/8/25
865,tt5052448,8/27/24
1153,tt6048922,2/2/25
1043,tt6751668,5/25/25
742,tt1663202,3/2/25
504,tt2906216,12/17/24
1975,tt6966692,7/20/25
264,tt5177120,3/17/25
793,tt10872600,9/5/24
838,tt4495098,4/1/25
282,tt3659388,3/17/25
619,tt12593682,10/20/24
1859,tt17279496,7/15/25
23,tt8503618,12/24/24
818,tt1745960,9/5/24
1855,tt9777666,3/13/25
1599,tt7737786,3/13/25
1071,tt28607951,1/28/25
474,tt2948372,9/10/24
558,tt7984734,11/10/24
501,tt1392190,3/30/25
303,tt8760708,6/10/25
910,tt1677720,11/14/24
1383,tt6791350,2/18/25
115,tt11138512,2/23/25
1201,tt11083552,2/5/25
116,tt2381249,5/16/25
216,tt5362988,8/18/24
564,tt1517451,11/6/24
1802,tt17279496,9/24/24
428,tt1160419,8/15/24
1274,tt2704998,10/17/24
876,tt10545296,2/7/25
575,tt4481414,5/19/25
1512,tt17009710,8/15/24
1723,tt13238346,7/4/25
641,tt17351924,10/10/24
1902,tt5052448,4/19/25
516,tt12361974,6/5/25
817,tt8760708,3/16/25
1517,tt5867314,6/26/25
306,tt3890160,2/28/25
579,tt1856101,7/17/25
762,tt2140479,11/8/24
160,tt2704998,2/27/25
785,tt3076658,5/30/25
1319,tt10640346,8/5/25
525,tt8633478,5/1/25
68,tt15474916,8/21/24
1489,tt1392190,6/9/25
488,tt8613070,5/19/25
951,tt23849204,2/15/25
962,tt12593682,1/22/25
1747,tt15474916,1/18/25
1474,tt1790809,1/2/25
1921,tt5311514,8/3/25
203,tt0369610,3/24/25
824,tt13238346,8/8/25
604,tt9777666,5/27/25
475,tt11866324,4/17/25
1490,tt1638355,10/22/24
1079,tt11866324,12/5/24
857,tt1396484,8/9/25
258,tt9764362,2/14/25
1116,tt5177120,2/3/25
211,tt1638355,7/19/25
8,tt22375054,9/24/24
409,tt6772802,12/29/24
903,tt9620292,10/23/24
937,tt3829920,3/9/25
473,tt2380307,3/22/25
1049,tt28607951,3/10/25
859,tt7737786,4/4/25
1021,tt15398776,1/11/25
192,tt2704998,12/25/24
464,tt4263482,4/22/25
1086,tt5083738,8/24/24
1211,tt1392190,6/26/25
548,tt27534307,1/1/25
1714,tt17279496,10/27/24
470,tt1160419,9/8/24
812,tt17009710,7/5/25
1845,tt5867314,12/5/24
999,tt15314262,4/29/25
1098,tt9362722,7/25/25
13,tt3774694,6/22/25
1888,tt2873282,10/2/24
273,tt29623480,4/14/25
1670,tt5040012,5/27/25
146,tt4633694,4/27/25
182,tt2527336,3/12/25
1542,tt5177120,3/12/25
567,tt3829920,2/16/25
1674,tt3104988,4/16/25
855,tt6772802,11/25/24
881,tt10731256,7/30/25
864,tt3778644,6/25/25
599,tt5463162,12/3/24
747,tt3521164,2/18/25
1751,tt2361509,3/18/25
364,tt2386490,9/1/24
1372,tt9421570,11/12/24
729,tt4016934,6/7/25
1935,tt10366206,11/3/24
713,tt28607951,2/10/25
1816,tt3890160,4/20/25
849,tt2582782,10/31/24
1545,tt10545296,8/11/24
1475,tt2948372,7/11/25
1150,tt17279496,3/13/25
1473,tt3107288,5/13/25
1496,tt21064584,10/12/24
1403,tt4495098,8/29/24
959,tt7711170,5/8/25
1094,tt9620288,11/26/24
1247,tt8760708,3/30/25
938,tt12584954,7/9/25
201,tt14961016,12/7/24
1348,tt7991608,4/24/25
572,tt0974015,6/18/25
1815,tt19770238,1/3/25
1465,tt10288566,6/9/25
964,tt4034228,8/11/24
1113,tt4034228,2/22/25
1740,tt1856101,3/28/25
1700,tt10638522,4/29/25
541,tt3501632,6/23/25
910,tt9620288,7/4/25
825,tt5537002,3/6/25
99,tt9764362,5/19/25
312,tt26625693,2/17/25
606,tt1431045,11/12/24
126,tt1302006,9/11/24
1470,tt4495098,11/9/24
1606,tt1790809,2/9/25
1938,tt9620288,12/27/24
1907,tt11564570,8/26/24
1287,tt1895587,11/22/24
685,tt11564570,9/25/24
250,tt3569230,9/17/24
75,tt1517268,3/14/25
884,tt9484998,7/26/25
251,tt5040012,7/17/25
104,tt11032374,3/17/25
1441,tt1517451,12/18/24
823,tt3104988,6/6/25
774,tt10370710,6/12/25
1210,tt2873282,1/20/25
185,tt3778644,10/24/24
297,tt2582782,12/10/24
302,tt6723592,4/26/25
904,tt1517268,12/7/24
882,tt7984734,1/19/25
1013,tt2488496,12/2/24
1295,tt3281548,12/20/24
597,tt2140379,1/21/25
770,tt8385148,1/13/25
1795,tt3783958,3/30/25
1644,tt12037194,8/24/24
555,tt9620292,2/24/25
1315,tt1517451,3/4/25
611,tt4257926,7/20/25
546,tt2106476,12/12/24
839,tt1911644,12/19/24
1167,tt6334354,11/17/24
194,tt7711170,6/28/25
773,tt8503618,2/15/25
145,tt10288566,5/11/25
904,tt17526714,1/1/25
1238,tt8385148,4/23/25
1808,tt1649418,5/28/25
73,tt7991608,11/22/24
605,tt1649418,1/16/25
510,tt2873282,11/28/24
786,tt2873282,8/18/24
1053,tt4881806,8/31/24
390,tt1745960,12/10/24
1755,tt3799694,8/1/25
1283,tt2527336,3/24/25
1677,tt2380307,5/19/25
791,tt2140379,12/27/24
1471,tt5463162,11/9/24
1514,tt0369610,3/12/25
795,tt2386490,3/23/25
1118,tt28607951,7/15/25
1342,tt3829920,2/18/25
1940,tt4633694,3/4/25
1032,tt7160372,3/3/25
1938,tt1911644,7/15/25
1171,tt14230458,1/25/25
131,tt11866324,10/22/24
226,tt0974015,9/1/24
1958,tt1825683,3/12/25
746,tt4873118,12/31/24
797,tt12593682,1/30/25
865,tt7160372,7/28/25
1399,tt3783958,10/23/24
1282,tt11286314,2/13/25
758,tt9620292,8/1/25
1843,tt1392190,8/18/24
1935,tt3569230,11/3/24
1717,tt1302006,1/11/25
1452,tt15474916,5/12/25
1273,tt1895587,10/16/24
1977,tt8613070,8/20/24
933,tt1431045,9/7/24
769,tt2140479,5/3/25
1447,tt2140379,9/22/24
945,tt4481414,3/18/25
1174,tt7395114,5/14/25
1094,tt6966692,12/13/24
583,tt13560574,1/23/25
1737,tt5537002,3/6/25
1427,tt5700672,1/20/25
45,tt15325794,4/21/25
1082,tt7286456,7/7/25
433,tt2380307,4/15/25
795,tt5027774,9/13/24
1632,tt5362988,1/15/25
1636,tt1051906,12/6/24
161,tt3464902,10/7/24
1158,tt3774694,4/23/25
1593,tt6751668,5/25/25
726,tt6791350,11/28/24
321,tt19770238,10/7/24
1398,tt7547410,5/13/25
524,tt12593682,4/18/25
1366,tt11563598,11/28/24
1267,tt4972582,6/2/25
873,tt5013056,6/30/25
680,tt1661199,8/11/24
360,tt6966692,8/30/24
1145,tt8946378,1/25/25
746,tt6791350,5/14/25
991,tt18259086,11/2/24
1050,tt5727208,10/22/24
811,tt3281548,12/5/24
1222,tt2140479,7/20/25
355,tt7737786,12/12/24
957,tt15474916,1/16/25
693,tt2283362,5/1/25
343,tt4263482,9/5/24
1397,tt12593682,11/7/24
1396,tt8999762,11/23/24
1490,tt4034228,3/20/25
1622,tt15398776,1/19/25
1276,tt12593682,7/29/25
1806,tt10648342,9/9/24
979,tt0490215,2/2/25
306,tt5177120,7/30/25
968,tt9484998,11/5/24
1674,tt1663202,9/8/24
185,tt4881806,7/2/25
1961,tt7401588,7/29/25
1288,tt1950186,1/26/25
1214,tt8633478,11/17/24
946,tt17526714,7/23/25
848,tt4633694,3/23/25
456,tt5311514,5/11/25
905,tt5311514,7/8/25
721,tt6857112,7/20/25
1690,tt11271038,7/16/25
1900,tt2906216,11/23/24
1038,tt11563598,11/13/24
651,tt8503618,7/24/25
1735,tt3829920,10/18/24
570,tt8936646,9/20/24
620,tt10731256,5/25/25
819,tt7556122,1/4/25
1655,tt5040012,3/13/25
477,tt7395114,12/2/24
362,tt7160372,3/31/25
393,tt14230458,10/10/24
1473,tt7401588,7/20/25
795,tt4495098,5/21/25
1901,tt1677720,7/1/25
1702,tt21064584,5/6/25
369,tt1856101,5/29/25
1969,tt1431045,12/18/24
1812,tt2674426,12/17/24
1096,tt9376612,11/13/24
247,tt5884796,8/26/24
1357,tt2395427,7/1/25
929,tt1464335,5/29/25
1013,tt1745960,4/28/25
1480,tt1663202,1/22/25
213,tt10731256,6/28/25
1126,tt2283362,6/26/25
869,tt7160372,12/13/24
1725,tt1431045,9/3/24
1549,tt3281548,6/6/25
1003,tt2674426,9/22/24
81,tt3397884,2/27/25
1581,tt22375054,12/30/24
1837,tt26625693,6/27/25
1350,tt3774694,10/13/24
1375,tt1959563,3/26/25
1425,tt6644200,1/23/25
210,tt4139588,12/24/24
1761,tt3774694,10/18/24
692,tt3315342,12/15/24
1729,tt5700672,5/23/25
677,tt8999762,7/30/25
628,tt1431045,8/20/24
1954,tt28607951,10/14/24
606,tt2948372,1/26/25
400,tt13238346,1/6/25
954,tt10648342,11/7/24
65,tt6791350,7/27/25
896,tt10545296,3/6/25
27,tt3107288,1/13/25
600,tt7711170,10/18/24
1727,tt12593682,5/1/25
19,tt3501632,1/8/25
675,tt7939766,2/19/25
1444,tt5867314,7/18/25
1952,tt3315342,6/4/25
411,tt2543164,4/23/25
530,tt2106476,10/7/24
1538,tt15791034,5/31/25
693,tt1895587,9/14/24
1101,tt7798634,3/4/25
1037,tt1911644,7/30/25
1445,tt1488606,4/14/25
1531,tt17351924,1/29/25
1171,tt1911644,12/30/24
800,tt11564570,4/28/25
395,tt4972582,3/26/25
1219,tt9484998,7/10/25
213,tt20215968,8/30/24
1648,tt3104988,10/27/24
1437,tt15791034,2/26/25
1130,tt28015403,11/11/24
500,tt1464335,5/11/25
305,tt2527338,6/20/25
1397,tt7131622,4/1/25
1702,tt5463162,3/23/25
1569,tt4881806,3/14/25
372,tt1262426,5/31/25
114,tt10366460,5/1/25
1694,tt2674426,3/23/25
403,tt4034228,12/6/24
855,tt17279496,6/24/25
844,tt27403986,7/21/25
963,tt3774694,1/5/25
1730,tt8946378,10/30/24
839,tt8579674,3/3/25
1540,tt2674426,2/13/25
178,tt3498820,9/20/24
884,tt8267604,11/9/24
400,tt1160419,7/12/25
1354,tt4154796,1/17/25
1771,tt17009710,3/11/25
94,tt8936646,4/1/25
1674,tt6772802,10/21/24
1077,tt7939766,3/8/25
748,tt8999762,3/5/25
191,tt7784604,9/20/24
1436,tt20215968,6/29/25
1126,tt1431045,10/22/24
1998,tt1638355,10/23/24
1466,tt26625693,3/11/25
886,tt2361509,10/12/24
1482,tt27403986,9/9/24
1430,tt6146586,8/2/25
166,tt5013056,5/19/25
982,tt1160419,5/23/25
1357,tt9218128,5/28/25
733,tt3890160,9/20/24
304,tt2494362,3/5/25
1710,tt2395427,1/26/25
1918,tt15325794,2/13/25
1995,tt22375054,12/16/24
912,tt2674426,12/21/24
1571,tt6751668,10/6/24
1866,tt17279496,3/5/25
355,tt7349950,4/8/25
1769,tt18259086,11/19/24
438,tt5463162,7/18/25
553,tt3076658,3/16/25
389,tt6146586,7/24/25
1719,tt9620292,1/1/25
1558,tt2119532,10/24/24
367,tt2283362,7/27/25
1016,tt9620288,8/16/24
1451,tt1856101,2/10/25
1611,tt10638522,8/10/24
928,tt4139588,5/22/25
1116,tt2527338,6/20/25
1141,tt11032374,6/13/25
1617,tt0369610,10/27/24
1772,tt7798634,2/9/25
548,tt2582782,8/5/25
1140,tt2386490,6/6/25
395,tt3498820,8/15/24
308,tt1431045,11/18/24
1482,tt2382320,3/11/25
2000,tt2380307,1/26/25
1975,tt26625693,2/17/25
1384,tt8633478,4/23/25
146,tt2975590,12/1/24
340,tt9764362,6/12/25
1199,tt10640346,7/18/25
1507,tt7395114,8/31/24
1743,tt12037194,7/9/25
1990,tt7349950,5/5/25
203,tt17279496,4/15/25
1111,tt2704998,7/27/25
687,tt2361509,12/12/24
1576,tt1663202,5/7/25
1972,tt1959563,2/25/25
730,tt4873118,10/17/24
393,tt2704998,8/10/24
876,tt2395427,1/10/25
653,tt3748528,4/6/25
712,tt2096673,9/18/24
1542,tt10288566,2/6/25
482,tt1262426,8/22/24
1535,tt19770238,11/8/24
1710,tt1745960,6/8/25
493,tt1630029,11/22/24
1971,tt2250912,9/22/24
1333,tt9603212,1/10/25
1288,tt9114286,2/24/25
1362,tt2283362,6/27/25
121,tt5726616,2/6/25
294,tt5727208,5/17/25
1711,tt3470600,5/2/25
589,tt23849204,5/12/25
176,tt1396484,11/7/24
439,tt3315342,12/4/24
684,tt6772802,11/2/24
1629,tt9114286,5/5/25
565,tt7547410,9/8/24
1271,tt2119532,3/12/25
107,tt7547410,9/13/24
1285,tt2953050,2/27/25
789,tt7401588,9/14/24
1449,tt14961016,12/28/24
1956,tt2381249,6/21/25
1041,tt15314262,7/13/25
244,tt2404435,9/2/24
225,tt15398776,2/8/25
744,tt7547410,12/19/24
67,tt5463162,5/13/25
1038,tt1959563,7/3/25
321,tt21382296,7/21/25
834,tt1649418,12/21/24
780,tt20215234,9/11/24
243,tt1226837,11/25/24
440,tt2119532,1/7/25
980,tt1877830,8/23/24
189,tt26625693,5/21/25
714,tt9603212,10/3/24
358,tt5463162,10/21/24
698,tt1677720,9/14/24
1811,tt2953050,6/6/25
1318,tt1431045,10/23/24
1286,tt9603212,2/3/25
349,tt2361509,5/23/25
869,tt2582782,6/1/25
1380,tt1745960,3/12/25
1238,tt27534307,3/29/25
160,tt1517451,3/7/25
1542,tt1950186,3/25/25
103,tt2873282,11/19/24
1100,tt6751668,8/22/24
1008,tt5311514,7/16/25
224,tt4975722,2/19/25
885,tt1727824,2/2/25
211,tt14961016,2/2/25
379,tt2873282,7/22/25
115,tt9777666,11/21/24
1811,tt6772802,4/9/25
175,tt4263482,2/14/25
1973,tt18259086,9/29/24
15,tt7144666,6/5/25
754,tt11813216,6/12/25
1417,tt10648342,6/10/25
1349,tt2906216,8/7/25
1107,tt2379713,10/28/24
321,tt5362988,12/13/24
1441,tt5052448,4/8/25
1809,tt6772802,5/31/25
886,tt4425200,7/10/25
1616,tt10366206,10/24/24
1086,tt2379713,6/25/25
1989,tt2386490,10/15/24
1730,tt5537002,7/10/25
32,tt6791350,4/20/25
704,tt3774694,4/13/25
692,tt3778644,9/3/24
1980,tt7131622,9/19/24
615,tt1431045,4/3/25
1202,tt4481414,9/16/24
1353,tt2674426,9/17/24
1286,tt6856242,2/3/25
1932,tt1517268,3/14/25
447,tt1160419,10/9/24
554,tt6710474,8/23/24
158,tt14230458,12/7/24
350,tt1951266,9/12/24
191,tt11286314,7/4/25
1839,tt1302006,12/31/24
664,tt5083738,10/24/24
1905,tt2096673,9/28/24
1936,tt10366206,1/23/25
1145,tt12584954,11/22/24
1448,tt7991608,10/1/24
1274,tt4873118,8/18/24
1425,tt1396484,4/8/25
1342,tt12361974,2/10/25
539,tt0490215,4/9/25
1679,tt3521164,9/3/24
134,tt1856101,5/31/25
1555,tt10545296,6/27/25
334,tt9114286,11/6/24
131,tt10288566,3/27/25
331,tt1745960,9/5/24
1420,tt3470600,3/27/25
1040,tt2798920,9/8/24
1938,tt3794354,9/28/24
221,tt15671028,7/5/25
1136,tt3532216,6/17/25
437,tt9764362,1/2/25
227,tt5463162,1/16/25
1177,tt1951266,1/2/25
180,tt2140379,2/16/25
1664,tt1488606,9/24/24
981,tt2096673,7/12/25
1621,tt14961016,10/6/24
634,tt18259086,5/21/25
213,tt1745960,9/2/24
301,tt9620292,5/31/25
807,tt2527338,11/25/24
42,tt3315342,3/24/25
742,tt9764362,1/10/25
65,tt27534307,10/7/24
795,tt15314262,5/3/25
300,tt1485796,3/29/25
1975,tt1745960,8/19/24
1407,tt9421570,12/22/24
1854,tt19770238,5/4/25
317,tt27534307,1/1/25
913,tt21064584,2/13/25
1676,tt14961016,2/1/25
1270,tt1951266,3/22/25
1910,tt2953050,11/4/24
1920,tt0478970,7/28/25
25,tt2543164,10/17/24
819,tt23849204,11/3/24
23,tt4481414,8/22/24
1725,tt1160419,12/20/24
1736,tt4846340,9/27/24
495,tt21382296,12/2/24
931,tt4972582,7/25/25
712,tt0490215,4/20/25
1764,tt5867314,4/7/25
1568,tt9764362,12/6/24
1786,tt27534307,10/19/24
1687,tt11858890,6/13/25
103,tt2798920,6/27/25
83,tt1517451,10/5/24
942,tt3470600,5/18/25
1066,tt4425200,10/16/24
1239,tt0103639,12/17/24
728,tt7131622,6/11/25
1053,tt9376612,5/26/25
1883,tt10872600,12/25/24
1772,tt17351924,4/26/25
1589,tt1270797,6/5/25
67,tt17526714,7/1/25
1733,tt17351924,10/30/24
1158,tt8936646,11/30/24
1657,tt2379713,10/19/24
80,tt20215234,7/15/25
1301,tt20215234,8/12/24
281,tt7556122,12/2/24
3,tt2873282,10/17/24
1617,tt1911644,2/3/25
1375,tt1677720,1/5/25
1858,tt29623480,9/12/24
1089,tt4912910,8/4/25
227,tt9362722,7/29/25
1487,tt7984734,9/1/24
1588,tt1911644,8/1/25
148,tt1950186,11/6/24
1177,tt1485796,8/11/24
1233,tt7984734,5/3/25
1514,tt6723592,4/26/25
718,tt3110958,9/9/24
1191,tt3569230,12/3/24
88,tt3480822,6/22/25
1735,tt0369610,1/11/25
1012,tt4425200,3/6/25
124,tt1895587,7/20/25
1403,tt7286456,3/17/25
219,tt6048922,5/9/25
1076,tt20215968,6/7/25
360,tt11138512,2/6/25
1543,tt11813216,3/1/25
1497,tt13238346,4/3/25
900,tt2488496,5/13/25
1479,tt2381249,6/4/25
464,tt1727824,4/9/25
1433,tt17526714,7/13/25
1629,tt28249919,1/18/25
1165,tt8613070,10/13/24
1373,tt9032400,8/1/25
1940,tt2953050,1/1/25
163,tt2379713,2/11/25
1413,tt4975722,9/15/24
196,tt2873282,2/7/25
1489,tt2380307,6/8/25
1811,tt2798920,9/27/24
145,tt8385148,6/25/25
428,tt8772262,6/5/25
1251,tt11138512,3/8/25
696,tt2381249,8/5/25
1658,tt11286314,5/12/25
779,tt11858890,10/2/24
750,tt2488496,5/10/25
607,tt8936646,1/5/25
165,tt5884796,8/2/25
1301,tt7349950,8/10/24
1042,tt2975590,4/28/25
1487,tt3501632,8/16/24
1509,tt6644200,11/25/24
1726,tt6146586,5/30/25
1388,tt3110958,6/16/25
1749,tt6856242,10/31/24
1901,tt5083738,5/30/25
867,tt1677720,4/27/25
1164,tt6048922,3/25/25
1168,tt1951266,11/8/24
1920,tt6791350,11/28/24
95,tt7556122,2/18/25
846,tt2106476,4/13/25
1090,tt10545296,3/21/25
714,tt1856101,9/10/24
140,tt23849204,2/4/25
375,tt3774694,12/11/24
746,tt5700672,12/5/24
1142,tt26625693,5/1/25
1373,tt7737786,9/30/24
1391,tt2584384,12/10/24
1185,tt6499752,1/17/25
1513,tt7784604,1/10/25
1187,tt2381249,8/15/24
1944,tt2953050,2/22/25
365,tt5580390,6/29/25
918,tt11032374,1/28/25
1577,tt2096673,10/12/24
1703,tt3460252,10/28/24
1171,tt1226837,5/29/25
1742,tt2494362,6/24/25
1057,tt1262426,7/20/25
830,tt4975722,3/25/25
720,tt18925334,9/20/24
1537,tt8367814,10/29/24
1186,tt9764362,5/9/25
1370,tt15474916,6/25/25
1959,tt7286456,9/5/24
462,tt11286314,11/26/24
165,tt8332922,9/15/24
1296,tt5726616,4/11/25
726,tt6772802,1/12/25
187,tt3104988,11/2/24
1515,tt2140379,5/1/25
1037,tt1464335,8/12/24
88,tt13560574,11/11/24
1595,tt8367814,12/22/24
96,tt29623480,7/17/25
215,tt28015403,2/17/25
807,tt12584954,3/13/25
657,tt8267604,9/10/24
682,tt4257926,12/25/24
1745,tt11563598,5/18/25
905,tt6856242,10/10/24
1180,tt6264654,9/6/24
1453,tt2798920,11/23/24
1769,tt2395427,1/31/25
1509,tt3076658,11/28/24
1119,tt21382296,1/20/25
1509,tt23849204,10/6/24
1049,tt7160372,1/6/25
397,tt8267604,10/24/24
1659,tt0103639,1/1/25
848,tt1856101,11/21/24
1578,tt6644200,8/15/24
1327,tt1895587,3/13/25
1078,tt5776858,5/8/25
1986,tt2582782,12/9/24
1762,tt7040874,2/24/25
1779,tt26047818,12/6/24
1781,tt4975722,7/24/25
648,tt9376612,11/16/24
252,tt3829920,5/7/25
1006,tt3110958,11/11/24
991,tt6966692,10/8/24
1971,tt1392190,8/6/25
1160,tt10648342,2/16/25
368,tt11032374,3/20/25
266,tt3498820,1/21/25
684,tt2584384,6/16/25
1189,tt7144666,6/30/25
467,tt1051906,8/17/24
1343,tt10370710,3/18/25
869,tt10366460,4/17/25
113,tt3464902,11/7/24
1978,tt10545296,10/10/24
713,tt3501632,1/30/25
1661,tt5726616,9/4/24
1282,tt4263482,8/25/24
1600,tt2873282,5/13/25
101,tt5726616,1/20/25
1790,tt3460252,7/19/25
991,tt8613070,11/6/24
490,tt15791034,7/13/25
1808,tt7939766,1/6/25
60,tt1677720,5/15/25
1854,tt1856101,3/24/25
1339,tt2119532,3/19/25
571,tt8267604,4/16/25
1109,tt5013056,7/7/25
713,tt6966692,7/22/25
111,tt4425200,8/22/24
826,tt9362722,2/27/25
462,tt0478970,12/24/24
259,tt4881806,11/6/24
1123,tt10640346,6/21/25
1480,tt6499752,5/8/25
118,tt1396484,3/27/25
588,tt1649418,7/23/25
1024,tt9603212,3/19/25
1103,tt2798920,3/6/25
377,tt4495098,9/11/24
915,tt1959563,1/18/25
1307,tt11563598,10/4/24
1890,tt4633694,10/14/24
1649,tt4481414,1/9/25
186,tt4633694,1/8/25
616,tt1911644,4/27/25
201,tt10648342,12/10/24
718,tt6499752,7/25/25
533,tt4881806,11/20/24
594,tt27403986,4/22/25
662,tt20215968,9/12/24
1601,tt5726616,12/6/24
101,tt6499752,3/25/25
1730,tt15791034,3/26/25
716,tt15474916,3/21/25
645,tt7401588,2/5/25
171,tt26047818,1/14/25
1752,tt1790809,2/4/25
585,tt6146586,1/21/25
703,tt1638355,4/23/25
709,tt2119532,2/18/25
1263,tt7556122,8/24/24
1135,tt5638642,4/25/25
263,tt4154796,10/21/24
721,tt22375054,11/18/24
35,tt6791350,12/31/24
287,,2/28/25
1992,tt1663202,6/16/25
1333,tt9484998,4/8/25
361,tt3569230,3/31/25
107,tt7846844,2/4/25
1450,tt7711170,3/9/25
1365,tt1661199,11/24/24
1238,tt7556122,3/30/25
1297,tt1895587,9/16/24
1917,tt2584384,1/14/25
180,tt28607951,2/2/25
193,tt13238346,1/15/25
1666,tt4425200,9/2/24
359,tt26625693,12/14/24
1679,tt5013056,12/12/24
1054,tt7846844,7/15/25
1278,tt21382296,6/8/25
974,tt9376612,11/3/24
1046,tt5776858,9/16/24
1371,tt22375054,3/14/25
231,tt9214832,2/10/25
717,tt1727824,12/24/24
1550,tt6966692,2/19/25
1867,tt5311514,4/30/25
1218,tt0478970,7/24/25
1577,tt10638522,12/4/24
259,tt1485796,8/10/24
295,tt5726616,12/5/24
978,tt6857112,9/18/24
45,tt2906216,7/2/25
654,tt9764362,1/27/25
159,tt15671028,6/17/25
448,tt2674426,7/16/25
867,tt6499752,12/18/24
1940,tt7395114,5/22/25
269,tt10366460,6/14/25
1854,tt6723592,1/7/25
1488,tt9639470,2/7/25
1173,tt7784604,4/10/25
1365,tt2975590,3/18/25
289,tt11813216,5/12/25
1486,tt3569230,7/16/25
1046,tt4975722,11/22/24
1208,tt2582782,3/18/25
660,tt9421570,8/7/25
1277,tt7395114,12/11/24
802,tt10288566,7/14/25
1281,tt1677720,7/27/25
1715,tt1951266,1/31/25
1108,tt5726616,9/29/24
1511,tt8579674,5/6/25
775,tt2948356,11/16/24
1561,tt10638522,3/22/25
105,tt13238346,6/5/25
1379,tt1951266,6/16/25
1248,tt20215968,7/24/25
701,tt2386490,7/18/25
1801,tt7737786,9/14/24
252,tt1302006,3/8/25
1747,tt8367814,10/27/24
331,tt29623480,8/13/24
1230,tt1485796,3/30/25
1623,tt6791350,7/9/25
357,tt4873118,12/19/24
1436,tt23849204,10/9/24
184,tt5362988,5/19/25
1190,tt14961016,9/8/24
1644,tt2140479,5/6/25
104,tt10731256,9/22/24
1058,tt9639470,4/23/25
1061,tt3774694,9/13/24
129,tt6966692,10/6/24
760,tt3778644,10/29/24
1899,tt3521164,7/21/25
112,tt3748528,2/25/25
303,tt3774694,10/29/24
496,tt11866324,6/6/25
782,tt11286314,3/7/25
1245,tt13238346,8/1/25
989,tt7939766,10/15/24
1237,tt2527338,3/21/25
965,tt3498820,4/28/25
1680,tt5083738,5/21/25
1495,tt1396484,2/9/25
64,tt8367814,11/27/24
1871,tt7144666,5/3/25
550,tt26625693,2/9/25
1582,tt7401588,2/28/25
55,tt3104988,2/17/25
177,tt7401588,9/15/24
1865,tt7939766,5/28/25
709,tt6791350,5/24/25
1666,tt2582782,1/14/25
863,tt14230458,12/24/24
1541,tt6334354,6/12/25
906,tt6264654,5/5/25
105,tt3532216,8/25/24
172,tt2674426,3/23/25
1131,tt2873282,11/24/24
464,tt4263482,8/3/25
880,tt3748528,1/23/25
812,tt8503618,1/27/25
1283,tt3315342,3/3/25
1597,tt1727824,11/16/24
631,tt1790809,3/16/25
1194,tt26625693,12/6/24
107,tt7784604,8/29/24
265,tt9218128,1/28/25
1720,tt7144666,7/19/25
1339,tt3659388,7/10/25
1687,tt11866324,12/3/24
1443,tt4881806,4/14/25
165,tt2283362,6/19/25
155,tt4912910,5/14/25
255,tt2096673,8/21/24
296,tt17279496,4/26/25
1880,tt7939766,9/19/24
1261,tt2798920,6/24/25
1749,tt3281548,10/31/24
701,tt2584384,3/10/25
1223,tt9484998,9/25/24
863,tt1488606,6/7/25
648,tt6791350,9/6/24
473,tt3281548,5/19/25
1143,tt10954984,11/10/24
635,tt7737786,5/13/25
1618,tt2106476,4/29/25
654,tt9777666,12/1/24
910,tt2096673,3/6/25
1740,tt3104988,6/17/25
1445,tt1638355,1/13/25
504,tt9032400,8/11/24
389,tt12593682,7/20/25
1698,tt2798920,9/16/24
563,tt4016934,12/25/24
1179,tt3829920,12/29/24
880,tt9764362,3/20/25
1203,tt10648342,4/20/25
1631,tt4912910,1/9/25
307,tt9376612,8/7/25
284,tt4972582,5/7/25
1157,tt7395114,1/28/25
375,tt2704998,7/20/25
1100,tt4846340,2/11/25
1974,tt10370710,9/12/24
192,tt18925334,10/24/24
261,tt29623480,4/24/25
1164,tt6710474,5/27/25
370,tt11138512,6/7/25
1181,tt3783958,12/21/24
1875,tt21382296,1/19/25
482,tt7401588,2/4/25
845,tt2140379,4/18/25
1919,tt2975590,10/16/24
1237,tt3107288,5/24/25
1992,tt27403986,7/23/25
1391,tt6856242,9/25/24
1464,tt4263482,9/8/24
599,tt3470600,12/11/24
432,tt17279496,3/22/25
1194,tt4263482,1/7/25
639,tt9620288,10/20/24
701,tt1431045,10/31/24
1607,tt8385148,5/5/25
1373,tt4263482,5/26/25
1167,tt2119532,4/27/25
608,tt0478970,7/6/25
1893,tt10954984,12/6/24
345,tt3104988,1/20/25
784,tt5177120,6/6/25
161,tt1051906,1/10/25
1719,tt2382320,3/22/25
454,tt7784604,6/27/25
1258,tt15791034,8/4/25
416,tt3774694,3/4/25
1847,tt18259086,4/29/25
1738,tt5311514,6/6/25
460,tt27534307,4/6/25
351,,7/23/25
1289,tt8633478,10/28/24
1391,tt3829920,7/22/25
442,tt2250912,2/27/25
40,tt4263482,9/11/24
174,tt27131358,8/21/24
1952,tt5638642,7/19/25
755,tt12593682,9/29/24
1381,tt4495098,2/23/25
5,tt3799694,2/22/25
1296,tt8613070,5/17/25
1445,tt3281548,8/31/24
1787,tt9764362,12/11/24
1121,tt22375054,11/2/24
1566,tt6146586,6/25/25
96,tt6751668,2/16/25
1257,tt9362722,1/6/25
1393,tt0369610,1/18/25
774,tt2906216,8/12/24
1973,tt4912910,7/16/25
1739,tt2704998,9/12/24
767,tt2386490,1/27/25
198,tt11083552,7/13/25
983,tt4846340,4/29/25
1956,tt10731256,5/11/25
1575,tt9620288,8/5/25
1617,tt26625693,5/6/25
16,tt11138512,10/28/24
1815,tt2140379,11/25/24
1943,tt7556122,8/28/24
1033,tt2582782,2/11/25
399,tt15325794,12/29/24
1751,tt3480822,3/10/25
798,tt1959563,8/26/24
1689,tt5177120,5/5/25
1935,tt3315342,4/9/25
127,tt27534307,12/10/24
1540,tt3315342,7/27/25
1619,tt2283362,5/27/25
1731,tt7286456,2/12/25
1951,tt9421570,7/27/25
891,tt26047818,8/2/25
1136,tt9114286,6/29/25
1431,tt4425200,10/23/24
1824,tt2798920,5/5/25
8,tt10288566,4/9/25
1934,tt7556122,12/1/24
958,tt4154796,6/11/25
1992,tt7984734,5/27/25
1703,tt7160372,4/24/25
1336,tt8772262,1/18/25
1901,tt17009710,7/22/25
663,tt8772262,8/21/24
1581,tt2488496,6/9/25
508,tt11286314,9/18/24
1912,tt15398776,7/9/25
1532,tt2283362,5/1/25
1419,tt3281548,10/17/24
687,tt10366460,8/3/25
399,tt2527338,7/26/25
1241,tt2361509,12/20/24
1330,tt11858890,6/17/25
1851,tt4154756,3/13/25
1435,tt2395427,1/17/25
458,tt2140379,6/17/25
738,tt4154796,10/16/24
991,tt3076658,3/31/25
1851,tt6966692,3/13/25
1017,tt2873282,1/31/25
4,tt4154796,11/13/24
125,tt8267604,11/30/24
967,tt2119532,10/24/24
423,tt2704998,6/1/25
1011,tt18925334,2/24/25
1362,tt5884796,10/23/24
1506,tt1638355,6/7/25
24,tt9777666,5/16/25
1813,tt6146586,5/25/25
742,tt2948356,5/11/25
1994,tt4154796,11/17/24
1288,tt22375054,8/23/24
1471,tt27403986,3/31/25
1426,tt7395114,10/7/24
541,tt6264654,8/20/24
1510,tt11564570,9/30/24
1257,tt4034228,6/10/25
530,tt1160419,5/30/25
1888,tt7401588,1/20/25
1839,tt11866324,9/21/24
1216,tt5884796,8/6/25
839,tt3774694,3/3/25
145,tt7888964,10/6/24
561,tt11235772,1/9/25
1896,tt2704998,6/23/25
1507,tt7784604,7/23/25
1316,tt7349950,10/15/24
1896,tt8936646,11/7/24
276,tt1431045,4/27/25
795,tt2404435,2/3/25
681,tt3890160,6/8/25
594,tt5463162,1/13/25
432,tt7286456,3/8/25
819,tt3890160,8/23/24
1905,tt4139588,4/10/25
754,tt2543164,12/14/24
359,tt5027774,12/24/24
6,tt1790809,1/10/25
860,tt1638355,4/7/25
383,tt5884796,9/28/24
1363,tt1856101,3/2/25
948,tt5311514,4/30/25
83,tt3107288,2/28/25
142,tt3569230,5/1/25
1917,tt5700672,2/20/25
1123,tt4263482,8/27/24
1350,tt2527336,8/10/24
1401,tt3890160,7/31/25
1871,tt4481414,4/4/25
858,tt7984734,10/29/24
630,tt26625693,4/25/25
1289,tt10545296,1/23/25
769,tt6856242,11/20/24
999,tt9764362,3/10/25
1518,tt3748528,12/28/24
1142,tt2674426,9/21/24
134,tt17009710,4/8/25
48,tt1160419,10/14/24
15,tt2382320,1/23/25
1550,tt2975590,12/29/24
1826,tt3659388,2/27/25
616,tt7286456,8/14/24
634,tt2543164,8/28/24
353,tt5013056,8/6/25
1211,tt1877830,2/19/25
1942,tt15325794,12/30/24
720,tt18259086,11/17/24
933,tt3315342,11/23/24
1401,tt5311514,8/4/25
362,tt1262426,10/4/24
1010,tt4139588,5/10/25
1944,tt4881806,7/25/25
1315,tt1661199,11/9/24
1810,tt1895587,3/12/25
1101,tt5362988,1/2/25
1039,tt1630029,2/11/25
1802,tt12584954,10/9/24
211,tt5776858,12/21/24
1637,tt4139588,7/20/25
730,tt3569230,10/17/24
658,tt9484998,11/29/24
1167,tt10954984,5/8/25
1922,tt4139588,9/5/24
1873,tt0478970,4/20/25
982,tt3659388,8/28/24
1659,tt9214832,11/11/24
743,tt6048922,5/23/25
710,tt10366460,1/14/25
155,tt4154756,8/4/25
1808,tt17009710,2/27/25
142,tt8946378,2/23/25
1490,tt4972582,8/15/24
725,tt3110958,3/12/25
847,tt2119532,12/14/24
1688,tt9764362,5/20/25
65,tt26047818,11/27/24
847,tt22375054,5/27/25
473,tt1226837,5/8/25
9,tt22375054,12/24/24
73,tt0103639,1/8/25
1669,tt1649418,7/14/25
1936,tt6334354,6/16/25
987,tt22375054,9/18/24
261,tt4972582,3/14/25
536,tt7737786,10/21/24
1594,tt5177120,2/17/25
826,tt3315342,11/3/24
37,tt6334354,8/7/25
326,tt1661199,5/8/25
466,tt3501632,9/3/24
1274,tt10288566,2/21/25
605,tt1677720,8/19/24
1757,tt9218128,6/7/25
362,tt1959563,9/28/24
1255,tt10638522,2/18/25
763,tt3104988,7/28/25
943,tt5040012,5/15/25
1152,tt1911644,7/26/25
1738,tt5700672,4/25/25
1143,tt11813216,3/2/25
1897,tt3281548,3/30/25
551,tt3464902,5/24/25
542,tt4846340,7/18/25
1283,tt2096673,4/24/25
1936,tt1745960,12/31/24
1807,tt6857112,12/30/24
1975,tt8385148,3/17/25
44,tt1392190,6/23/25
1977,tt3829920,7/14/25
1623,tt5013056,3/11/25
559,tt2948356,3/21/25
1556,tt6499752,3/23/25
121,tt6772802,1/15/25
1245,tt11138512,12/7/24
1242,tt7939766,7/16/25
23,tt3104988,6/3/25
410,tt12361974,12/15/24
1266,tt3829920,1/30/25
1020,tt12584954,3/15/25
259,tt7711170,1/16/25
955,tt1856101,2/7/25
1438,tt4263482,6/24/25
1954,tt17526714,4/25/25
118,tt4881806,8/10/24
1920,tt1259528,3/28/25
241,tt4034228,1/5/25
894,tt2582782,6/26/25
458,tt11866324,10/12/24
1741,tt19770238,2/28/25
1358,tt2798920,11/26/24
1332,tt5040012,9/12/24
893,tt4972582,1/2/25
657,tt5727208,4/29/25
1579,tt8267604,6/12/25
1343,tt2283362,2/25/25
422,tt9620288,9/4/24
353,tt12037194,5/9/25
981,tt7888964,8/13/24
369,tt3532216,11/2/24
1177,tt2873282,11/2/24
115,tt2096673,10/2/24
226,tt21382296,6/13/25
651,tt5776858,4/12/25
167,tt2948372,8/13/24
504,tt6857112,2/14/25
410,tt2404435,5/21/25
732,tt6264654,5/21/25
372,tt9218128,9/26/24
549,tt3569230,2/18/25
1952,tt3464902,1/30/25
795,tt1396484,12/16/24
643,tt2494362,5/24/25
1809,tt2250912,12/1/24
1470,tt9777666,6/23/25
538,tt2873282,1/29/25
66,tt28249919,1/1/25
840,tt5726616,7/31/25
1128,tt5040012,11/6/24
43,tt8936646,9/2/24
701,tt3748528,9/15/24
1541,tt8936646,10/10/24
84,tt3076658,5/7/25
1613,tt0369610,6/19/25
1746,tt1877830,7/26/25
334,tt3464902,10/6/24
770,tt2140479,10/4/24
218,tt15314262,12/29/24
639,tt7395114,2/19/25
1731,tt1877830,10/28/24
1705,tt4972582,4/4/25
315,tt8633478,3/19/25
1435,tt3829920,6/2/25
393,tt9114286,4/26/25
594,tt7395114,12/2/24
719,tt5726616,1/30/25
1059,tt4633694,3/31/25
1443,tt5700672,1/23/25
1949,tt3778644,1/19/25
1118,tt15239678,6/23/25
1253,tt21064584,9/13/24
1584,tt1160419,9/16/24
985,tt1825683,5/27/25
700,tt4154796,8/22/24
769,tt27131358,2/19/25
642,tt0490215,3/16/25
1174,tt1895587,12/4/24
1903,tt3799694,2/5/25
516,tt2948356,11/1/24
534,tt9639470,9/16/24
671,tt2582782,1/12/25
1635,tt2361509,10/29/24
1376,tt2798920,3/4/25
1021,tt2543164,6/17/25
1618,tt4139588,3/25/25
1791,tt4846340,3/27/25
1265,tt9362722,10/29/24
1997,tt26625693,7/29/25
1847,tt14230458,11/7/24
1286,tt3521164,10/8/24
1486,tt8946378,8/1/25
60,tt3774694,6/6/25
842,tt2948372,8/13/24
1658,tt3498820,4/9/25
1874,tt15671028,11/17/24
739,tt2798920,4/23/25
433,tt3774694,11/26/24
688,tt6644200,1/12/25
294,tt1877830,10/4/24
536,tt11858890,8/1/25
623,tt1485796,12/13/24
1917,tt20215968,10/10/24
1496,tt3460252,5/5/25
354,tt11271038,9/29/24
1349,tt3281548,1/22/25
529,tt22375054,10/16/24
1786,tt20215234,7/16/25
856,tt2380307,4/30/25
1422,tt1951266,11/9/24
13,tt7984734,2/27/25
773,tt17351924,4/19/25
561,tt4633694,2/4/25
1158,tt4846340,4/7/25
1935,tt3110958,12/30/24
1186,tt10638522,5/27/25
1298,tt9376612,12/11/24
890,tt9114286,12/11/24
1111,tt7846844,5/5/25
1190,tt20215968,4/9/25
1792,tt5638642,8/28/24
452,tt6751668,5/25/25
1841,tt14961016,3/17/25
1156,tt17009710,8/1/25
1326,tt1661199,10/3/24
990,tt2386490,6/11/25
949,tt3532216,8/15/24
857,tt2379713,1/12/25
1443,tt9376612,7/10/25
1452,tt1950186,9/23/24
1930,tt15791034,6/15/25
421,tt18925334,5/12/25
264,tt23849204,9/29/24
965,tt10366206,12/10/24
625,tt4481414,9/10/24
163,tt2906216,6/10/25
1145,tt7798634,2/6/25
819,tt2582782,5/8/25
1427,tt5700672,6/21/25
1813,tt4257926,6/23/25
1627,tt29623480,5/7/25
360,tt1856101,7/22/25
1933,tt1745960,7/29/25
302,tt20215968,6/17/25
1949,tt11138512,6/26/25
365,tt10545296,6/4/25
996,tt9362722,2/19/25
1036,tt3464902,7/9/25
731,tt5727208,9/26/24
917,tt4846340,3/10/25
1354,tt5362988,3/27/25
718,tt1302006,11/26/24
1902,tt19770238,7/17/25
511,tt2798920,4/19/25
1518,tt4495098,10/23/24
160,tt1951266,3/1/25
1193,tt6966692,7/29/25
1005,tt2096673,1/14/25
819,tt2140379,10/18/24
1926,tt1517268,11/30/24
1403,tt2404435,7/21/25
1821,tt14230458,8/29/24
1400,tt12584954,11/23/24
181,tt9032400,11/9/24
547,tt15791034,5/31/25
1156,tt0974015,8/7/25
645,tt29623480,8/28/24
1122,tt17279496,11/9/24
909,tt4034228,3/28/25
1580,tt4154756,1/3/25
1244,tt3501632,2/3/25
1622,tt5638642,2/23/25
1275,tt4975722,6/9/25
1848,tt5311514,6/6/25
1112,tt7798634,4/1/25
398,tt27131358,3/14/25
961,tt27534307,1/19/25
410,tt6499752,1/8/25
1095,tt3799694,5/12/25
1959,tt6751668,12/14/24
1543,tt4425200,6/12/25
320,tt14961016,9/7/24
1619,tt2119532,4/9/25
166,tt12584954,8/23/24
696,tt2582782,12/16/24
205,tt12584954,12/2/24
24,tt7349950,1/25/25
1277,tt10370710,7/14/25
1999,tt4139588,9/11/24
1646,tt3794354,11/1/24
1065,tt27131358,4/10/25
1426,tt19770238,3/23/25
1056,tt18259086,4/14/25
395,tt7131622,1/28/25
1744,tt2379713,7/26/25
325,tt7395114,12/11/24
591,tt2704998,4/30/25
1785,tt15325794,7/29/25
495,tt1488606,5/18/25
1752,tt1911644,12/14/24
1449,tt8367814,11/30/24
1691,tt1259528,5/10/25
570,tt5027774,9/1/24
551,tt12037194,7/9/25
731,tt20215968,2/1/25
873,tt6857112,3/12/25
383,tt7040874,1/12/25
632,tt29623480,7/18/25
714,tt20215234,2/1/25
1657,tt3829920,9/19/24
1117,tt10731256,3/27/25
1687,tt12584954,8/4/25
1781,tt5362988,1/13/25
170,tt7711170,12/27/24
1532,tt9214832,9/15/24
1470,tt23849204,5/17/25
1670,tt5776858,11/24/24
1149,tt3315342,1/10/25
1705,tt13560574,2/22/25
1959,tt1790809,12/27/24
213,tt1464335,11/13/24
553,tt8633478,4/5/25
882,tt1431045,5/15/25
1846,tt3748528,3/24/25
21,tt1663202,8/5/25
378,tt1663202,3/17/25
1196,tt12593682,8/25/24
1983,tt2975590,8/13/24
528,tt9777666,5/27/25
1009,tt9764362,11/30/24
679,tt1392190,8/23/24
1449,tt13560574,2/26/25
1979,tt1745960,6/28/25
1577,tt1464335,7/6/25
713,tt3778644,10/14/24
94,tt4257926,2/1/25
67,tt4154796,10/14/24
673,tt7737786,1/27/25
820,tt1911644,9/22/24
360,tt9362722,10/16/24
99,tt17526714,3/2/25
83,tt10366206,7/15/25
377,tt14230458,3/10/25
1458,tt1270797,10/10/24
1509,tt20215234,12/19/24
581,tt2948372,7/1/25
472,tt3464902,5/18/25
1081,tt1677720,10/8/24
434,tt15325794,12/20/24
665,tt1856101,6/25/25
1151,tt20215234,6/28/25
520,tt4846340,2/5/25
1652,tt4257926,4/28/25
147,tt7888964,5/22/25
798,tt2873282,5/8/25
1884,tt11138512,7/29/25
582,tt6264654,9/5/24
1936,tt11866324,3/7/25
1531,tt15398776,9/2/24
1105,tt7144666,8/3/25
1441,tt1262426,9/16/24
691,tt9639470,8/10/24
145,tt9620292,8/31/24
1158,tt28249919,10/24/24
1327,tt6334354,5/8/25
1647,tt6856242,3/29/25
221,tt28607951,6/3/25
888,tt7888964,12/14/24
1938,tt3464902,8/17/24
43,tt1877830,1/20/25
448,tt5580390,1/25/25
1614,tt2953050,10/6/24
1860,tt3521164,6/12/25
10,tt8267604,10/15/24
752,tt3799694,4/29/25
55,tt2106476,10/25/24
756,tt7991608,8/7/25
1196,tt3464902,2/12/25
897,tt2250912,3/10/25
1459,tt2380307,12/29/24
1828,tt3397884,8/13/24
699,,4/7/25
1095,tt11271038,3/28/25
206,tt3890160,12/13/24
887,tt9376612,2/6/25
176,tt9114286,3/1/25
708,tt5362988,1/13/25
713,tt7286456,5/28/25
122,tt10545296,2/9/25
454,tt3783958,4/3/25
1152,tt3281548,1/30/25
884,tt4975722,9/4/24
834,tt5638642,4/16/25
1443,tt1431045,6/8/25
1557,tt8267604,2/25/25
656,tt5776858,8/4/25
577,tt1877830,1/3/25
1614,tt2119532,8/22/24
1332,tt1895587,7/14/25
1587,tt3470600,6/28/25
350,tt6710474,3/15/25
1679,tt4425200,11/17/24
230,tt6264654,12/23/24
1037,tt27534307,7/23/25
1657,tt9603212,4/30/25
368,tt2873282,7/6/25
124,tt1638355,8/26/24
536,tt6772802,8/7/25
1645,tt26047818,10/30/24
616,tt9114286,5/10/25
984,tt1051906,8/19/24
319,tt1825683,3/14/25
247,tt7888964,7/17/25
1292,tt4846340,2/20/25
1125,tt4016934,2/25/25
829,tt1661199,4/15/25
278,tt1517268,11/14/24
164,tt5726616,11/11/24
1315,tt7547410,8/6/25
497,tt21382296,7/23/25
273,tt3076658,3/25/25
22,tt1856101,3/1/25
1112,tt1431045,4/17/25
310,tt9639470,10/29/24
1497,tt8936646,8/4/25
1659,tt5638642,5/23/25
1539,tt3480822,1/1/25
785,tt6334354,12/20/24
1741,tt5537002,2/18/25
353,tt4495098,3/31/25
1131,tt7395114,10/19/24
1400,tt6334354,4/6/25
954,tt1727824,2/14/25
319,tt1270797,7/14/25
186,tt15239678,7/31/25
983,tt5040012,1/2/25
757,tt2386490,6/8/25
1005,tt4257926,5/18/25
966,tt3569230,3/10/25
735,tt2119532,3/22/25
1421,tt9114286,5/13/25
1623,tt14230458,5/13/25
1005,tt2404435,9/7/24
1762,tt23849204,5/23/25
1877,tt4034228,4/16/25
1926,tt1464335,5/29/25
1584,tt1663202,7/28/25
279,tt7040874,5/13/25
1335,tt5040012,11/21/24
227,tt2798920,8/22/24
405,tt5362988,9/27/24
469,tt2382320,3/21/25
1863,tt8332922,9/12/24
1572,tt12361974,7/15/25
239,tt7131622,7/29/25
1361,tt27403986,10/13/24
1449,tt11564570,8/30/24
113,tt2382320,2/4/25
1753,tt6751668,9/28/24
1479,tt4846340,4/1/25
1828,tt1396484,9/21/24
138,tt6048922,1/26/25
1446,tt5580390,8/14/24
1869,tt4846340,4/28/25
939,tt15671028,8/22/24
1208,tt19770238,9/27/24
707,tt8613070,3/30/25
1944,tt7711170,4/23/25
96,tt3532216,1/21/25
1336,tt1790809,9/4/24
703,tt2283362,2/1/25
673,tt1302006,9/28/24
1110,tt21064584,2/17/25
1904,tt6264654,1/21/25
1176,tt11271038,7/1/25
619,tt0478970,5/26/25
39,tt7798634,6/27/25
1784,tt5726616,9/24/24
1063,tt4881806,5/17/25
901,tt3829920,3/30/25
1267,tt8267604,7/15/25
296,tt1259528,7/8/25
455,tt4425200,3/26/25
1686,tt7401588,3/5/25
611,tt1663202,11/24/24
122,tt10648342,7/16/25
1927,tt4016934,9/23/24
287,tt11564570,11/6/24
106,tt5537002,2/25/25
1815,tt2488496,3/9/25
1974,tt1911644,4/12/25
619,tt1630029,6/26/25
1772,tt5311514,2/24/25
324,tt9032400,2/3/25
993,tt8946378,2/13/25
1744,tt3799694,2/16/25
1982,tt5727208,3/9/25
1877,tt11858890,9/13/24
75,tt20215234,1/8/25
1605,tt1517268,3/28/25
1505,tt1051906,6/29/25
1795,tt12361974,3/20/25
1935,tt20215234,1/29/25
284,tt9620292,12/28/24
1484,tt11235772,11/2/24
1615,tt2527338,5/25/25
429,tt3501632,9/29/24
766,tt1431045,12/29/24
1034,tt1596363,12/23/24
1112,tt2096673,7/10/25
733,tt1661199,2/3/25
1182,tt3799694,2/3/25
128,tt5537002,1/30/25
1375,tt6146586,9/10/24
843,tt21382296,3/24/25
127,tt11235772,10/31/24
1234,tt1877830,3/24/25
1817,tt5638642,2/7/25
1389,tt10272386,5/29/25
680,tt1596363,3/4/25
1480,tt18925334,5/26/25
1800,tt1270797,4/11/25
657,tt10640346,6/6/25
689,tt6857112,10/27/24
659,tt29623480,1/30/25
1183,tt2140479,8/10/24
121,tt12361974,7/28/25
1772,tt12584954,9/19/24
736,tt1431045,10/15/24
1717,tt12584954,5/12/25
998,tt8613070,5/14/25
1646,tt2379713,9/15/24
1661,tt7784604,11/28/24
356,tt3569230,8/15/24
1917,tt7888964,3/4/25
293,tt11138512,2/3/25
1712,tt14230458,10/4/24
1794,tt5177120,8/24/24
403,tt2582782,12/10/24
1915,tt11858890,11/11/24
1973,tt9639470,5/19/25
1593,tt1160419,11/13/24
429,tt1856101,3/1/25
1699,tt1517268,5/31/25
1197,tt3748528,12/31/24
379,tt3498820,11/11/24
1481,tt26625693,8/6/25
5,tt20215234,10/30/24
1677,tt6856242,4/25/25
584,tt1959563,1/19/25
1594,tt4912910,5/17/25
1138,tt8936646,3/5/25
1653,tt3315342,12/2/24
5,tt2906216,3/22/25
714,tt11271038,6/13/25
1678,tt10872600,4/8/25
353,tt27534307,10/3/24
1323,tt1485796,11/27/24
1372,tt6710474,3/17/25
1116,tt1160419,2/16/25
678,tt10272386,4/7/25
1261,tt29623480,5/5/25
616,tt4912910,8/10/24
348,tt5700672,12/13/24
113,tt3480822,3/15/25
1235,tt1895587,2/18/25
1876,tt13238346,10/13/24
331,tt3498820,5/27/25
219,tt1488606,8/1/25
1840,tt28249919,1/15/25
168,tt8613070,2/5/25
965,tt8385148,9/3/24
1959,tt4257926,8/15/24
1257,tt2975590,2/16/25
690,tt4873118,11/8/24
134,tt8760708,12/7/24
906,tt5884796,8/1/25
606,tt7547410,5/7/25
870,tt10872600,3/20/25
1476,tt5083738,7/19/25
161,tt10370710,1/10/25
1367,tt11564570,8/19/24
882,tt10638522,11/20/24
1646,tt5867314,10/14/24
290,tt7160372,3/27/25
1997,tt6499752,11/24/24
29,tt0490215,12/7/24
1417,tt11563598,11/18/24
1508,tt4034228,10/23/24
1979,tt18259086,12/9/24
1282,tt1596363,10/4/24
192,tt5884796,4/23/25
580,tt1160419,8/26/24
1331,tt6499752,9/23/24
1792,tt10648342,4/6/25
128,tt3110958,1/19/25
1324,tt0490215,10/5/24
1584,tt3501632,12/2/24
348,tt21382296,11/8/24
1005,tt2119532,11/15/24
445,tt9376612,5/9/25
898,tt8613070,4/12/25
1110,tt17009710,10/30/24
1797,tt7984734,2/27/25
1387,tt5700672,8/21/24
705,tt19770238,5/29/25
502,tt3569230,7/29/25
1131,tt4154796,9/11/24
1521,tt10872600,4/23/25
1616,tt6048922,12/4/24
176,tt4154796,6/19/25
1328,tt0478970,8/30/24
130,tt10366206,12/17/24
1605,tt21064584,7/29/25
1858,tt28607951,11/25/24
126,tt12037194,3/28/25
1843,tt5177120,3/14/25
1477,tt3107288,10/27/24
1113,tt6723592,8/24/24
970,tt2543164,2/20/25
887,tt21382296,6/2/25
669,tt21064584,6/23/25
984,tt9032400,12/9/24
531,tt12584954,5/6/25
1818,tt3774694,11/25/24
491,tt5362988,5/1/25
1903,tt8633478,10/2/24
306,tt18925334,12/24/24
830,tt9218128,12/16/24
1784,tt7144666,1/25/25
648,tt0490215,9/12/24
1359,tt1661199,8/31/24
1692,tt28607951,7/16/25
1403,tt6146586,4/4/25
968,tt3774694,1/6/25
234,tt1051906,5/27/25
741,tt6751668,3/7/25
1919,tt2404435,12/4/24
1473,tt23849204,9/24/24
1496,tt7144666,5/4/25
1190,tt2488496,7/19/25
1295,tt2361509,4/21/25
1538,tt2140479,4/28/25
373,tt11138512,9/11/24
1811,tt1895587,12/26/24
132,tt3794354,2/24/25
102,tt2953050,9/3/24
990,tt7395114,7/21/25
1745,tt8613070,12/23/24
702,tt1051906,6/9/25
1555,tt7984734,12/21/24
86,tt1825683,11/29/24
1927,tt1649418,1/16/25
1997,tt9639470,11/14/24
1485,tt3829920,8/15/24
344,tt7784604,8/17/24
1428,tt6264654,9/15/24
2,tt8267604,12/14/24
199,tt1488606,6/5/25
1051,tt7991608,3/17/25
542,tt1661199,5/29/25
1643,tt26625693,9/24/24
1738,tt20215968,2/6/25
670,tt1485796,8/5/25
646,tt23849204,10/14/24
696,tt1959563,3/7/25
161,tt8503618,7/31/25
447,tt2119532,6/27/25
1770,tt8367814,2/8/25
666,tt4481414,10/29/24
568,tt11564570,9/8/24
593,tt28249919,2/9/25
1659,tt5638642,3/28/25
579,tt12037194,2/6/25
990,tt8760708,4/18/25
107,tt9639470,1/7/25
258,tt5463162,3/24/25
1318,tt0490215,10/29/24
1094,tt2584384,8/17/24
895,tt2380307,3/31/25
1680,tt4139588,12/9/24
1621,tt27403986,2/4/25
1856,tt3774694,12/5/24
1230,tt7160372,2/12/25
82,tt4139588,7/26/25
88,tt14230458,12/9/24
301,tt8760708,5/16/25
1269,tt27131358,10/31/24
270,tt1951266,7/4/25
1146,tt1431045,9/22/24
1666,tt0974015,3/6/25
249,tt2953050,8/18/24
409,tt1596363,12/5/24
256,tt9764362,4/27/25
135,tt2140479,5/17/25
1822,tt4257926,4/24/25
196,tt6751668,5/17/25
1667,tt28607951,10/12/24
1294,tt8999762,3/24/25
1327,tt1649418,8/26/24
804,tt8267604,8/19/24
132,tt11564570,12/10/24
650,tt5867314,1/1/25
979,tt4034228,10/3/24
1739,tt2543164,7/11/25
1540,tt19770238,12/30/24
1839,tt8613070,6/10/25
361,tt11032374,8/12/24
1729,tt5027774,9/1/24
296,tt7888964,3/4/25
124,tt8503618,12/11/24
1685,tt1396484,3/22/25
497,tt12584954,9/30/24
742,tt18259086,9/3/24
243,tt6856242,3/3/25
1978,tt4912910,7/24/25
256,tt10648342,6/29/25
597,tt26047818,9/2/24
93,tt1825683,1/26/25
1968,tt5867314,5/16/25
619,tt8760708,12/7/24
358,tt3659388,7/2/25
480,tt8613070,1/15/25
512,tt0103639,3/24/25
1061,tt12593682,4/3/25
1925,tt1431045,1/28/25
623,tt4139588,3/13/25
1943,tt9484998,8/2/25
783,tt5013056,8/27/24
111,tt4912910,8/27/24
1856,tt11866324,11/1/24
1812,tt1160419,4/3/25
509,tt0369610,11/9/24
1838,tt9764362,3/8/25
780,tt7846844,9/11/24
1956,tt9777666,5/22/25
374,tt5884796,6/5/25
316,tt7040874,8/18/24
1098,tt3569230,10/30/24
1449,tt7991608,10/20/24
1305,tt17351924,12/18/24
269,tt27403986,3/12/25
1466,tt11563598,3/24/25
31,tt11866324,8/5/25
429,tt3281548,10/13/24
1363,tt3470600,3/29/25
1541,tt4846340,5/27/25
462,tt3480822,11/5/24
1708,tt6966692,3/21/25
1447,tt5700672,8/18/24
1235,tt3799694,6/20/25
1339,tt3659388,12/8/24
1625,tt5177120,5/14/25
1058,tt7984734,8/14/24
639,tt27403986,11/9/24
286,tt8385148,8/25/24
987,tt8772262,11/22/24
1035,tt1160419,10/22/24
579,tt8385148,10/26/24
135,tt15791034,8/25/24
138,tt1488606,2/12/25
1787,tt2395427,5/20/25
121,tt9362722,10/5/24
378,tt2096673,3/5/25
567,tt5580390,11/11/24
597,tt3569230,1/8/25
904,tt1638355,4/9/25
1519,tt3774694,3/7/25
889,tt2527338,7/13/25
1391,tt4257926,7/14/25
458,tt4154796,10/5/24
343,tt23849204,3/6/25
265,tt21382296,3/14/25
1815,tt1630029,2/3/25
1975,tt4425200,12/26/24
742,tt5463162,5/17/25
1368,tt2488496,1/23/25
396,tt9032400,1/19/25
1939,tt3464902,12/7/24
754,tt20215968,9/7/24
479,tt10545296,5/9/25
1910,tt11271038,8/13/24
1380,tt19770238,6/10/25
403,tt14961016,6/8/25
1244,tt3532216,2/16/25
662,tt15474916,7/31/25
385,tt3397884,2/28/25
1516,tt2096673,1/2/25
1370,tt8503618,6/20/25
1876,tt7547410,3/7/25
144,tt6857112,8/11/24
84,tt9114286,12/25/24
1502,tt20215234,5/15/25
500,tt6772802,1/25/25
1564,tt26625693,6/15/25
1025,tt4263482,6/17/25
1298,tt11032374,4/18/25
1539,tt5362988,5/7/25
1646,tt15791034,6/29/25
103,tt7286456,6/9/25
153,tt5311514,7/3/25
419,tt7798634,9/1/24
47,tt17009710,9/30/24
106,tt6966692,9/6/24
560,tt2906216,2/7/25
1337,tt11083552,8/22/24
758,tt10545296,2/4/25
680,tt2119532,6/8/25
917,tt2527336,5/18/25
1814,tt2382320,4/9/25
1887,tt7737786,10/2/24
358,tt8367814,8/22/24
1085,tt8936646,4/5/25
547,tt6146586,2/17/25
1048,tt3464902,10/12/24
180,tt3659388,6/4/25
218,tt23849204,11/2/24
528,tt9777666,9/15/24
551,tt11813216,7/11/25
76,tt4495098,3/30/25
447,tt2380307,2/20/25
651,tt1745960,6/7/25
1375,tt2386490,12/29/24
646,tt3521164,6/27/25
1513,tt13560574,8/21/24
865,tt4034228,6/17/25
574,tt5580390,7/15/25
57,tt8613070,10/10/24
545,tt9603212,6/19/25
132,tt2948372,12/26/24
833,tt8385148,2/11/25
946,tt3794354,3/12/25
789,tt2381249,4/7/25
1081,tt8267604,12/7/24
954,tt10648342,12/10/24
1034,tt4633694,4/26/25
1054,tt2140379,4/30/25
1036,tt2873282,5/5/25
546,tt1790809,11/11/24
1462,tt1517268,7/13/25
319,tt1877830,3/23/25
509,tt1727824,6/25/25
324,tt1302006,10/3/24
1101,tt10370710,8/27/24
1816,tt6264654,7/22/25
1285,tt11858890,1/24/25
149,tt7737786,7/5/25
380,tt2140479,5/9/25
1369,tt4495098,5/16/25
1453,tt4975722,1/27/25
691,tt5580390,7/25/25
53,tt7040874,4/25/25
1484,tt4495098,6/11/25
1796,tt15325794,7/2/25
1117,tt7939766,1/31/25
133,tt1485796,12/29/24
1561,tt7798634,12/17/24
1867,tt1663202,12/31/24
1134,tt3890160,11/27/24
617,tt9777666,4/26/25
99,tt1270797,1/18/25
1486,tt1638355,8/26/24
1989,tt1517268,5/28/25
964,tt1464335,9/27/24
1306,tt8332922,9/22/24
781,tt2906216,9/19/24
1537,tt2250912,6/11/25
1124,tt2106476,7/31/25
1765,tt5726616,8/24/24
1560,tt9421570,7/7/25
1341,tt1661199,5/28/25
205,tt10366206,8/18/24
1048,tt11858890,3/29/25
633,tt3110958,7/4/25
1182,tt17279496,12/19/24
1176,tt5027774,5/16/25
1601,tt1396484,7/27/25
1143,tt2674426,10/5/24
1491,tt4154756,2/27/25
581,tt28249919,9/16/24
498,tt2488496,4/10/25
1086,tt15474916,3/12/25
1842,tt2096673,8/22/24
442,tt13560574,10/15/24
961,tt1638355,5/1/25
1462,tt10648342,8/24/24
1526,tt3480822,12/5/24
1893,tt3281548,10/15/24
578,tt1877830,8/5/25
1802,tt8999762,7/27/25
520,tt6334354,2/1/25
1900,tt8367814,4/28/25
1210,tt10545296,11/8/24
1223,tt8332922,11/7/24
1639,tt2582782,6/1/25
129,tt3829920,5/4/25
558,tt27534307,1/23/25
746,tt5027774,1/2/25
1155,tt1431045,9/17/24
324,tt7040874,6/6/25
24,tt3397884,12/27/24
1610,tt10370710,2/9/25
350,tt7984734,10/10/24
1770,tt11138512,12/27/24
1754,tt10648342,10/31/24
837,tt2948356,1/17/25
1700,tt12584954,7/29/25
1345,tt7547410,12/14/24
814,tt4481414,11/18/24
1991,tt7939766,7/27/25
835,tt5726616,9/13/24
174,tt1392190,4/30/25
1959,tt8936646,9/26/24
544,tt4016934,5/20/25
770,tt1959563,5/7/25
517,tt2873282,2/1/25
1164,tt21064584,5/10/25
1806,tt1727824,2/5/25
1230,tt11858890,12/3/24
1897,tt15325794,6/21/25
321,tt2250912,2/6/25
932,tt4263482,7/29/25
890,tt8760708,4/23/25
796,tt9620288,3/29/25
198,tt1727824,3/26/25
943,tt28607951,11/3/24
1004,tt28015403,10/23/24
683,tt1431045,2/7/25
178,tt8367814,10/25/24
554,tt2106476,11/5/24
446,tt8267604,7/21/25
343,tt1270797,9/15/24
1809,tt5040012,11/14/24
529,tt2379713,8/20/24
365,tt1649418,12/23/24
1946,tt28607951,12/18/24
64,tt3748528,12/7/24
1567,tt20215968,7/30/25
1651,tt2096673,9/18/24
1718,tt23849204,9/30/24
461,tt7286456,6/16/25
877,tt0490215,11/19/24
823,tt15314262,12/1/24
1176,tt9376612,10/28/24
911,tt2381249,8/25/24
1681,tt9639470,9/12/24
1867,tt7547410,12/7/24
1480,tt5638642,1/23/25
1356,tt9376612,1/26/25
807,tt3829920,12/7/24
1953,tt4257926,8/11/24
1992,tt2948372,10/28/24
1854,tt3315342,12/20/24
744,tt6791350,8/20/24
1125,tt7784604,11/21/24
189,tt1677720,5/22/25
1536,tt0103639,2/16/25
1877,tt18925334,10/14/24
120,tt29623480,1/6/25
1942,tt11271038,2/1/25
1156,tt9764362,4/11/25
46,tt6048922,2/13/25
1784,tt2494362,3/10/25
537,tt28249919,3/17/25
186,tt4975722,11/5/24
326,tt9114286,8/24/24
1537,tt1727824,7/21/25
931,tt2395427,8/7/25
299,tt1649418,4/21/25
107,tt7888964,3/20/25
1786,tt5537002,3/17/25
1426,tt14230458,2/15/25
336,tt0369610,3/26/25
990,tt11564570,4/25/25
161,tt9620292,5/27/25
338,tt3829920,7/2/25
834,tt2494362,5/20/25
272,tt6966692,11/8/24
398,tt4139588,7/1/25
468,tt1727824,3/15/25
1868,tt4034228,10/11/24
1949,tt5727208,9/13/24
1309,tt8385148,6/14/25
1976,tt7737786,7/26/25
1483,tt1392190,3/11/25
835,tt7040874,10/11/24
240,tt29623480,7/31/25
437,tt10366460,12/14/24
1084,tt7144666,1/20/25
895,tt7888964,9/22/24
1658,tt3480822,8/3/25
1673,tt3569230,11/27/24
1875,tt11858890,9/27/24
1966,tt1270797,7/15/25
1951,tt1431045,2/23/25
23,tt7711170,12/27/24
37,tt3076658,12/20/24
297,tt28607951,1/22/25
1829,tt10366460,2/19/25
1565,tt1895587,5/19/25
1078,tt7939766,7/5/25
648,tt2582782,7/14/25
1773,tt12037194,12/10/24
1731,tt7547410,12/5/24
1435,tt28249919,6/24/25
1526,tt8385148,6/4/25
1830,tt1431045,8/12/24
1235,tt2382320,11/16/24
900,tt7737786,7/18/25
1820,tt1951266,5/6/25
1286,tt1727824,11/6/24
1852,tt11563598,3/15/25
1726,tt17009710,6/28/25
68,tt10272386,4/28/25
1413,tt3890160,9/24/24
1045,tt5580390,6/20/25
1428,tt7349950,11/24/24
1412,tt2380307,5/25/25
462,tt10370710,6/10/25
303,tt15398776,8/11/24
1967,tt1259528,9/14/24
741,tt2906216,8/19/24
1688,tt11032374,6/17/25
132,tt17526714,6/24/25
459,tt4154796,1/11/25
328,tt14230458,12/22/24
1961,tt2674426,10/17/24
1479,tt7784604,11/19/24
135,tt4154756,6/5/25
1893,tt29623480,5/2/25
601,tt1951266,10/2/24
910,tt1727824,12/18/24
508,tt4846340,12/7/24
1105,tt9362722,4/17/25
1261,tt2704998,1/9/25
1846,tt7991608,11/5/24
1450,tt8267604,2/28/25
1718,tt10954984,7/15/25
974,tt1392190,2/10/25
469,tt12584954,10/3/24
1570,tt11032374,3/27/25
604,tt13560574,6/24/25
1912,tt10370710,3/24/25
1727,tt3569230,6/21/25
341,tt2106476,5/8/25
1293,tt8367814,2/24/25
2,tt3315342,2/20/25
1250,tt6499752,12/15/24
1855,tt15474916,7/10/25
1003,tt13560574,9/12/24
869,tt1638355,1/30/25
670,tt4495098,3/11/25
1776,tt1911644,7/12/25
476,tt5027774,8/27/24
1073,tt3464902,5/15/25
992,tt4154756,12/8/24
751,tt2283362,12/26/24
721,tt3460252,4/5/25
418,tt29623480,10/13/24
125,tt3501632,7/11/25
767,tt3794354,3/2/25
688,tt1392190,11/2/24
1122,tt11032374,2/1/25
1500,tt4481414,4/10/25
1448,,3/29/25
813,tt7991608,9/29/24
734,,6/22/25
1258,tt12037194,2/16/25
27,tt11083552,8/1/25
1606,tt2953050,6/29/25
1383,tt2488496,5/1/25
1924,tt5727208,10/9/24
833,tt17009710,1/24/25
390,tt6857112,3/10/25
1182,tt6644200,7/22/25
611,tt11235772,4/17/25
1051,tt15474916,2/12/25
168,tt8332922,5/21/25
628,tt6857112,1/29/25
995,tt6048922,5/25/25
890,tt5867314,7/29/25
916,tt5177120,6/7/25
768,tt4139588,10/28/24
1268,tt10370710,5/15/25
1773,tt1895587,5/9/25
356,tt8946378,3/2/25
1828,tt7846844,1/3/25
386,tt6710474,8/7/25
621,tt7547410,6/21/25
1874,tt21382296,10/25/24
1157,tt4263482,7/26/25
46,tt9114286,12/21/24
448,tt2283362,2/28/25
15,tt9421570,6/5/25
1010,tt10731256,1/21/25
97,tt3470600,3/12/25
331,tt15671028,10/6/24
1339,tt7784604,5/11/25
635,tt10366206,10/29/24
144,tt2953050,6/18/25
1709,tt12584954,11/12/24
1902,tt1431045,9/30/24
1394,tt1745960,4/27/25
944,tt2380307,1/7/25
1247,tt4263482,2/21/25
1211,tt2873282,12/3/24
1071,tt2873282,6/11/25
1955,tt7160372,8/13/24
1917,tt2953050,5/23/25
105,tt4257926,5/27/25
1285,tt26047818,4/21/25
648,tt9214832,9/13/24
173,tt15325794,3/4/25
44,tt6146586,10/23/24
1614,tt5083738,10/20/24
843,tt1431045,6/21/25
1283,tt4139588,5/11/25
1484,tt2948356,6/4/25
1574,tt2379713,9/20/24
854,tt10272386,9/17/24
115,tt11271038,7/8/25
129,tt8946378,11/24/24
123,tt4263482,7/16/25
1264,tt3783958,7/11/25
1944,tt26625693,5/30/25
1127,tt10366206,8/6/25
1219,tt2382320,8/17/24
476,tt11813216,9/4/24
1883,tt3569230,11/17/24
1267,tt4975722,11/14/24
888,tt3464902,5/1/25
283,tt22375054,8/10/24
789,tt4154796,4/9/25
1965,tt5013056,5/7/25
515,tt14961016,8/23/24
1587,tt4154796,5/25/25
950,tt6966692,1/12/25
548,tt5362988,12/18/24
461,tt10272386,3/17/25
880,tt28015403,7/31/25
704,tt8760708,8/3/25
1211,tt2582782,9/4/24
347,tt17279496,1/23/25
427,tt7711170,11/23/24
1352,tt13238346,5/30/25
671,tt3076658,12/4/24
1341,tt6791350,8/15/24
1053,tt2543164,5/26/25
1049,tt10288566,2/22/25
1799,tt3783958,10/17/24
1356,tt6772802,5/29/25
1807,tt1485796,3/19/25
1247,tt8579674,1/9/25
1790,tt1649418,2/11/25
1602,tt4257926,9/26/24
415,tt27131358,11/12/24
1883,tt7349950,1/7/25
78,tt0103639,2/16/25
446,tt9362722,12/30/24
283,tt1302006,10/7/24
851,tt3829920,7/5/25
682,tt2361509,2/12/25
1383,tt8579674,12/24/24
731,tt8503618,9/7/24
1626,tt11032374,6/17/25
1449,tt5726616,1/29/25
147,tt12361974,10/3/24
700,tt1517451,1/16/25
521,tt7737786,6/28/25
1910,tt2379713,12/28/24
1942,tt1630029,1/23/25
502,tt4481414,2/10/25
1963,tt1596363,8/3/25
348,tt6499752,6/10/25
94,tt10366460,8/5/25
797,tt9777666,6/2/25
1960,tt5776858,3/26/25
473,tt1663202,4/14/25
1257,tt5027774,6/11/25
915,tt5537002,1/8/25
523,tt7984734,1/3/25
512,tt15791034,2/14/25
1389,tt11138512,7/7/25
1209,tt2361509,11/28/24
312,tt6966692,12/5/24
1291,tt4257926,4/10/25
834,tt21382296,7/2/25
1242,tt17279496,10/20/24
1257,tt6499752,11/16/24
1597,tt3470600,7/12/25
1329,tt1950186,12/20/24
1453,tt3778644,10/31/24
1148,tt2953050,10/18/24
1357,tt11563598,11/22/24
1437,tt9620288,9/4/24
1742,tt2488496,3/22/25
15,tt1160419,7/17/25
1349,tt2404435,11/7/24
668,tt12361974,4/3/25
1450,tt1877830,4/23/25
308,tt23849204,5/9/25
1091,tt7984734,4/27/25
1698,tt7737786,10/3/24
1323,tt1226837,4/3/25
1417,tt17526714,9/19/24
1556,tt10648342,3/20/25
91,tt11271038,11/6/24
97,tt7144666,6/17/25
1,tt5177120,6/24/25
62,tt6334354,3/27/25
1649,tt1951266,6/22/25
599,tt12584954,2/27/25
1977,tt3501632,12/17/24
172,tt10272386,4/16/25
1240,tt1464335,11/6/24
412,tt3470600,11/23/24
920,tt5580390,10/8/24
1752,tt9421570,3/19/25
1717,tt7984734,12/11/24
1261,tt28249919,5/17/25
1129,tt5177120,7/13/25
966,tt28249919,4/28/25
1066,tt2948356,12/12/24
1929,tt3498820,4/13/25
1102,tt1488606,9/20/24
1580,tt1464335,8/25/24
462,tt1911644,6/11/25
1928,tt7737786,12/20/24
1406,tt27131358,12/10/24
1665,tt15325794,1/10/25
547,tt1825683,3/20/25
5,tt7401588,9/17/24
348,tt17009710,12/27/24
1802,tt1262426,10/21/24
233,tt0103639,9/14/24
521,tt4633694,3/24/25
717,tt2395427,5/12/25
228,tt20215234,8/7/25
382,tt10370710,1/24/25
1266,tt10872600,8/31/24
1594,tt9362722,11/28/24
828,tt4257926,10/9/24
1947,tt6334354,3/31/25
1644,tt6966692,9/19/24
148,tt15239678,2/16/25
966,tt8267604,11/19/24
350,tt27131358,8/29/24
949,tt20215968,6/6/25
338,tt4263482,2/19/25
366,tt1911644,1/5/25
1277,tt20215234,6/26/25
107,tt26625693,1/30/25
646,tt6772802,11/18/24
1865,tt3794354,2/16/25
866,tt11813216,8/17/24
1760,tt2380307,9/14/24
946,tt6334354,1/21/25
501,tt27131358,10/10/24
1891,tt6856242,7/11/25
107,tt8999762,12/26/24
1022,tt20215968,1/7/25
16,tt1302006,2/24/25
813,tt6710474,11/3/24
678,tt10731256,9/20/24
37,tt3110958,4/2/25
802,tt3104988,7/18/25
913,tt2395427,9/11/24
1291,tt11271038,1/3/25
271,tt10366206,6/19/25
817,tt3464902,11/9/24
1429,tt11235772,8/10/24
776,tt18259086,1/19/25
1547,tt26625693,11/19/24
726,tt3460252,5/30/25
1026,tt10366460,1/20/25
118,tt10648342,7/3/25
1269,tt28015403,12/5/24
1415,tt3659388,1/25/25
1965,tt3107288,7/24/25
901,tt7737786,12/24/24
194,tt2873282,5/26/25
669,tt5776858,5/16/25
78,tt9218128,7/1/25
1298,tt2584384,1/31/25
695,tt3315342,3/8/25
1615,tt12593682,12/7/24
1749,tt12037194,3/2/25
1653,tt0369610,3/5/25
1820,tt6791350,3/4/25
302,tt6048922,8/23/24
1517,tt28015403,8/15/24
1558,tt28249919,11/30/24
1412,tt9620288,3/30/25
1533,tt9376612,11/13/24
1506,tt11286314,11/2/24
1537,tt2543164,10/16/24
588,tt3470600,4/3/25
782,tt10370710,2/19/25
1847,tt4139588,4/28/25
1210,tt12593682,8/5/25
203,tt12037194,4/12/25
86,tt26047818,10/13/24
801,tt1464335,3/26/25
297,tt3480822,6/7/25
361,tt28015403,12/7/24
137,tt10288566,4/18/25
1359,tt5726616,4/17/25
1,tt7711170,11/27/24
1663,tt2953050,8/12/24
1594,tt3778644,5/25/25
491,tt4975722,2/14/25
737,tt3470600,11/8/24
956,tt1051906,2/12/25
1278,tt0478970,7/9/25
1671,tt3774694,7/10/25
1710,tt1517451,6/21/25
1644,tt6791350,2/16/25
863,tt7939766,10/19/24
1876,tt4154756,3/8/25
839,tt3480822,5/29/25
1041,tt7798634,2/20/25
1885,tt1951266,9/7/24
1622,tt8332922,4/15/25
1869,tt3774694,11/29/24
1810,tt7711170,2/12/25
18,tt2382320,4/3/25
981,tt8579674,6/3/25
1654,tt6857112,3/27/25
611,tt2283362,11/11/24
1602,tt10954984,12/10/24
1453,tt3498820,9/2/24
464,tt7784604,6/2/25
908,tt10954984,7/30/25
1866,tt1856101,5/16/25
922,tt7556122,6/23/25
47,tt15791034,11/25/24
1437,tt15398776,11/18/24
1839,tt5537002,3/23/25
33,tt1226837,3/22/25
324,tt7144666,1/23/25
1034,tt10731256,4/14/25
562,tt11271038,10/28/24
1012,tt8936646,5/12/25
312,tt4154796,6/21/25
1118,tt9764362,3/21/25
145,tt13238346,9/4/24
575,tt20215968,10/31/24
409,tt10648342,4/18/25
1972,tt22375054,11/18/24
463,tt8760708,1/4/25
1821,tt8332922,7/26/25
1102,tt9421570,11/23/24
1265,tt2096673,4/2/25
1184,tt1392190,1/29/25
541,tt9032400,11/15/24
1699,tt3799694,1/29/25
1494,tt4846340,4/27/25
1319,tt18259086,1/15/25
1158,tt2953050,6/12/25
1484,tt2106476,11/2/24
1878,tt5463162,7/23/25
1319,tt9620288,4/2/25
710,tt15398776,8/16/24
346,tt7286456,12/18/24
1124,tt3104988,8/10/24
478,tt3104988,5/5/25
595,tt9214832,6/17/25
668,tt5177120,8/16/24
1065,tt8772262,10/30/24
1945,tt1677720,11/24/24
217,tt1596363,8/11/24
1306,tt1517268,7/4/25
259,tt7160372,11/26/24
1605,tt3104988,6/3/25
653,tt18925334,7/11/25
1584,tt17526714,7/21/25
1017,tt21064584,9/12/24
1806,tt6644200,3/1/25
482,tt8760708,9/4/24
490,tt1911644,6/18/25
1796,tt7784604,3/29/25
1206,,5/9/25
1621,tt7286456,12/7/24
1726,tt12584954,8/18/24
1883,tt6710474,1/28/25
174,tt9421570,3/13/25
1940,tt14230458,4/26/25
1347,tt9114286,3/18/25
266,tt2582782,8/1/25
555,tt1160419,12/22/24
1863,tt2140479,8/24/24
592,tt23849204,3/7/25
1395,tt0490215,9/23/24
239,tt12037194,4/21/25
154,tt10954984,8/8/25
1737,tt2798920,12/15/24
748,tt5040012,8/29/24
1618,tt5867314,11/25/24
267,tt3460252,2/13/25
344,tt1856101,8/23/24
1712,tt2948372,4/28/25
952,tt3794354,2/11/25
1294,tt0478970,3/20/25
1300,tt7984734,9/2/24
646,tt2395427,1/15/25
1327,tt1396484,2/20/25
133,tt2106476,7/30/25
1413,tt5463162,12/28/24
145,tt7395114,5/23/25
1977,tt2361509,3/4/25
1891,tt1950186,9/7/24
1702,tt2488496,8/13/24
609,tt7846844,12/29/24
551,tt1517451,9/5/24
1660,tt8999762,7/14/25
256,tt18925334,2/2/25
247,tt9603212,4/5/25
927,tt1663202,6/25/25
352,tt1517451,3/10/25
817,tt3460252,7/2/25
914,tt23849204,8/28/24
596,tt10640346,4/25/25
1715,tt7160372,3/14/25
673,tt2379713,3/28/25
971,tt1302006,1/11/25
354,tt4425200,3/3/25
1462,tt3799694,3/17/25
108,tt3501632,4/17/25
1897,tt1392190,4/4/25
1910,tt7798634,10/30/24
206,tt2584384,8/15/24
1837,tt4912910,5/12/25
110,tt3076658,11/24/24
1915,tt2953050,8/23/24
840,tt8503618,2/23/25
833,tt4263482,1/1/25
126,tt4154796,8/24/24
1967,tt6856242,3/12/25
1596,tt7784604,11/14/24
146,tt17351924,1/11/25
28,tt15314262,8/10/24
91,tt1825683,12/8/24
1102,tt8772262,9/7/24
904,tt10545296,4/25/25
293,tt28607951,12/7/24
632,tt2543164,4/5/25
87,tt2584384,12/4/24
701,tt2704998,12/17/24
1405,tt2527336,9/7/24
1819,tt2140379,11/14/24
99,tt1392190,8/10/24
883,tt5463162,7/7/25
1905,tt3480822,3/18/25
1423,tt1488606,1/8/25
1392,tt2953050,5/21/25
663,tt22375054,12/19/24
289,tt3783958,5/18/25
514,tt1877830,12/31/24
1479,tt11563598,3/2/25
299,tt1911644,1/6/25
1528,tt0490215,1/22/25
1525,tt2380307,1/18/25
1399,tt4257926,1/30/25
389,tt2381249,9/22/24
252,tt1649418,2/16/25
1396,tt5884796,12/8/24
1394,tt1464335,6/17/25
938,tt4139588,9/30/24
1809,tt21064584,7/26/25
1063,tt2382320,1/14/25
156,tt15791034,11/23/24
1185,tt21064584,11/4/24
154,tt3076658,6/15/25
1859,tt13560574,6/13/25
1366,tt18259086,12/4/24
551,tt3521164,5/5/25
1444,tt17009710,11/29/24
1915,tt15325794,11/25/24
1613,tt3569230,2/2/25
1795,tt10638522,3/29/25
937,tt4154796,5/6/25
1492,tt14230458,6/3/25
1187,tt10288566,8/15/24
1493,tt1663202,4/28/25
907,tt20215234,12/6/24
85,tt7798634,10/25/24