{
  "version": "2.3.1-beta.0",
  "visualisation": {
    "nodes": [
      {
        "id": "n:1",
        "position": {
          "x": 3.3333333333333335,
          "y": 2.6666666666666665
        }
      },
      {
        "id": "n:2",
        "position": {
          "x": -146.08250489318033,
          "y": -89.78458737590523
        }
      },
      {
        "id": "n:3",
        "position": {
          "x": 101.79058281889206,
          "y": 3.5051765253723457
        }
      },
      {
        "id": "n:4",
        "position": {
          "x": -121.11495876222405,
          "y": 55.24168907630849
        }
      },
      {
        "id": "n:5",
        "position": {
          "x": 53.28461870025406,
          "y": 127.65756134315733
        }
      },
      {
        "id": "n:6",
        "position": {
          "x": -9.609819011907945,
          "y": -133.25124468308275
        }
      }
    ]
  },
  "dataModel": {
    "version": "2.3.1-beta.0",
    "graphSchemaRepresentation": {
      "version": "1.0.0",
      "graphSchema": {
        "nodeLabels": [
          {
            "$id": "nl:1",
            "token": "movie",
            "properties": [
              {
                "$id": "p:9",
                "token": "movieId",
                "type": {
                  "type": "string"
                },
                "nullable": true
              },
              {
                "$id": "p:10",
                "token": "title",
                "type": {
                  "type": "string"
                },
                "nullable": true
              },
              {
                "$id": "p:11",
                "token": "genre",
                "type": {
                  "type": "string"
                },
                "nullable": true
              },
              {
                "$id": "p:12",
                "token": "releaseYear",
                "type": {
                  "type": "integer"
                },
                "nullable": true
              }
            ]
          },
          {
            "$id": "nl:2",
            "token": "review",
            "properties": [
              {
                "$id": "p:5",
                "token": "reviewId",
                "type": {
                  "type": "integer"
                },
                "nullable": true
              },
              {
                "$id": "p:6",
                "token": "title",
                "type": {
                  "type": "string"
                },
                "nullable": true
              },
              {
                "$id": "p:7",
                "token": "rating",
                "type": {
                  "type": "integer"
                },
                "nullable": true
              },
              {
                "$id": "p:8",
                "token": "text",
                "type": {
                  "type": "string"
                },
                "nullable": true
              }
            ]
          },
          {
            "$id": "nl:3",
            "token": "actor",
            "properties": [
              {
                "$id": "p:15",
                "token": "actorId",
                "type": {
                  "type": "integer"
                },
                "nullable": true
              },
              {
                "$id": "p:16",
                "token": "name",
                "type": {
                  "type": "string"
                },
                "nullable": true
              }
            ]
          },
          {
            "$id": "nl:4",
            "token": "director",
            "properties": [
              {
                "$id": "p:13",
                "token": "directorId",
                "type": {
                  "type": "integer"
                },
                "nullable": true
              },
              {
                "$id": "p:14",
                "token": "name",
                "type": {
                  "type": "string"
                },
                "nullable": true
              }
            ]
          },
          {
            "$id": "nl:5",
            "token": "genre",
            "properties": [
              {
                "$id": "p:17",
                "token": "genreId",
                "type": {
                  "type": "integer"
                },
                "nullable": true
              },
              {
                "$id": "p:18",
                "token": "name",
                "type": {
                  "type": "string"
                },
                "nullable": true
              }
            ]
          },
          {
            "$id": "nl:6",
            "token": "user",
            "properties": [
              {
                "$id": "p:1",
                "token": "userId",
                "type": {
                  "type": "integer"
                },
                "nullable": true
              },
              {
                "$id": "p:2",
                "token": "name",
                "type": {
                  "type": "string"
                },
                "nullable": true
              },
              {
                "$id": "p:3",
                "token": "userName",
                "type": {
                  "type": "string"
                },
                "nullable": true
              },
              {
                "$id": "p:4",
                "token": "email",
                "type": {
                  "type": "string"
                },
                "nullable": true
              }
            ]
          }
        ],
        "relationshipTypes": [
          {
            "$id": "rt:1",
            "token": "directs",
            "properties": []
          },
          {
            "$id": "rt:2",
            "token": "actsIn",
            "properties": []
          },
          {
            "$id": "rt:3",
            "token": "hasReview",
            "properties": []
          },
          {
            "$id": "rt:4",
            "token": "inGenre",
            "properties": []
          },
          {
            "$id": "rt:5",
            "token": "wantsToWatch",
            "properties": [
              {
                "$id": "p:19",
                "token": "addedOn",
                "type": {
                  "type": "string"
                },
                "nullable": true
              }
            ]
          },
          {
            "$id": "rt:6",
            "token": "isFriendsWith",
            "properties": []
          },
          {
            "$id": "rt:7",
            "token": "gaveReview",
            "properties": [
              {
                "$id": "p:20",
                "token": "reviewDate",
                "type": {
                  "type": "string"
                },
                "nullable": true
              }
            ]
          }
        ],
        "nodeObjectTypes": [
          {
            "$id": "n:1",
            "labels": [
              {
                "$ref": "#nl:1"
              }
            ]
          },
          {
            "$id": "n:2",
            "labels": [
              {
                "$ref": "#nl:2"
              }
            ]
          },
          {
            "$id": "n:3",
            "labels": [
              {
                "$ref": "#nl:3"
              }
            ]
          },
          {
            "$id": "n:4",
            "labels": [
              {
                "$ref": "#nl:4"
              }
            ]
          },
          {
            "$id": "n:5",
            "labels": [
              {
                "$ref": "#nl:5"
              }
            ]
          },
          {
            "$id": "n:6",
            "labels": [
              {
                "$ref": "#nl:6"
              }
            ]
          }
        ],
        "relationshipObjectTypes": [
          {
            "$id": "r:1",
            "type": {
              "$ref": "#rt:1"
            },
            "from": {
              "$ref": "#n:4"
            },
            "to": {
              "$ref": "#n:1"
            }
          },
          {
            "$id": "r:2",
            "type": {
              "$ref": "#rt:2"
            },
            "from": {
              "$ref": "#n:3"
            },
            "to": {
              "$ref": "#n:1"
            }
          },
          {
            "$id": "r:3",
            "type": {
              "$ref": "#rt:3"
            },
            "from": {
              "$ref": "#n:1"
            },
            "to": {
              "$ref": "#n:2"
            }
          },
          {
            "$id": "r:4",
            "type": {
              "$ref": "#rt:4"
            },
            "from": {
              "$ref": "#n:1"
            },
            "to": {
              "$ref": "#n:5"
            }
          },
          {
            "$id": "r:5",
            "type": {
              "$ref": "#rt:5"
            },
            "from": {
              "$ref": "#n:6"
            },
            "to": {
              "$ref": "#n:1"
            }
          },
          {
            "$id": "r:6",
            "type": {
              "$ref": "#rt:6"
            },
            "from": {
              "$ref": "#n:6"
            },
            "to": {
              "$ref": "#n:6"
            }
          },
          {
            "$id": "r:7",
            "type": {
              "$ref": "#rt:7"
            },
            "from": {
              "$ref": "#n:6"
            },
            "to": {
              "$ref": "#n:2"
            }
          }
        ],
        "constraints": [
          {
            "$id": "c:1",
            "name": "userId_user_uniq",
            "constraintType": "uniqueness",
            "entityType": "node",
            "nodeLabel": {
              "$ref": "#nl:6"
            },
            "properties": [
              {
                "$ref": "#p:1"
              }
            ]
          },
          {
            "$id": "c:2",
            "name": "reviewId_review_uniq",
            "constraintType": "uniqueness",
            "entityType": "node",
            "nodeLabel": {
              "$ref": "#nl:2"
            },
            "properties": [
              {
                "$ref": "#p:5"
              }
            ]
          },
          {
            "$id": "c:3",
            "name": "movieId_movie_uniq",
            "constraintType": "uniqueness",
            "entityType": "node",
            "nodeLabel": {
              "$ref": "#nl:1"
            },
            "properties": [
              {
                "$ref": "#p:9"
              }
            ]
          },
          {
            "$id": "c:4",
            "name": "directorId_director_uniq",
            "constraintType": "uniqueness",
            "entityType": "node",
            "nodeLabel": {
              "$ref": "#nl:4"
            },
            "properties": [
              {
                "$ref": "#p:13"
              }
            ]
          },
          {
            "$id": "c:5",
            "name": "actorId_actor_uniq",
            "constraintType": "uniqueness",
            "entityType": "node",
            "nodeLabel": {
              "$ref": "#nl:3"
            },
            "properties": [
              {
                "$ref": "#p:15"
              }
            ]
          },
          {
            "$id": "c:6",
            "name": "genreId_genre_uniq",
            "constraintType": "uniqueness",
            "entityType": "node",
            "nodeLabel": {
              "$ref": "#nl:5"
            },
            "properties": [
              {
                "$ref": "#p:17"
              }
            ]
          }
        ],
        "indexes": [
          {
            "$id": "i:1",
            "name": "userId_user_uniq",
            "indexType": "default",
            "entityType": "node",
            "nodeLabel": {
              "$ref": "#nl:6"
            },
            "properties": [
              {
                "$ref": "#p:1"
              }
            ]
          },
          {
            "$id": "i:2",
            "name": "reviewId_review_uniq",
            "indexType": "default",
            "entityType": "node",
            "nodeLabel": {
              "$ref": "#nl:2"
            },
            "properties": [
              {
                "$ref": "#p:5"
              }
            ]
          },
          {
            "$id": "i:3",
            "name": "movieId_movie_uniq",
            "indexType": "default",
            "entityType": "node",
            "nodeLabel": {
              "$ref": "#nl:1"
            },
            "properties": [
              {
                "$ref": "#p:9"
              }
            ]
          },
          {
            "$id": "i:4",
            "name": "directorId_director_uniq",
            "indexType": "default",
            "entityType": "node",
            "nodeLabel": {
              "$ref": "#nl:4"
            },
            "properties": [
              {
                "$ref": "#p:13"
              }
            ]
          },
          {
            "$id": "i:5",
            "name": "actorId_actor_uniq",
            "indexType": "default",
            "entityType": "node",
            "nodeLabel": {
              "$ref": "#nl:3"
            },
            "properties": [
              {
                "$ref": "#p:15"
              }
            ]
          },
          {
            "$id": "i:6",
            "name": "genreId_genre_uniq",
            "indexType": "default",
            "entityType": "node",
            "nodeLabel": {
              "$ref": "#nl:5"
            },
            "properties": [
              {
                "$ref": "#p:17"
              }
            ]
          }
        ]
      }
    },
    "graphSchemaExtensionsRepresentation": {
      "nodeKeyProperties": [
        {
          "node": {
            "$ref": "#n:6"
          },
          "keyProperty": {
            "$ref": "#p:1"
          }
        },
        {
          "node": {
            "$ref": "#n:2"
          },
          "keyProperty": {
            "$ref": "#p:5"
          }
        },
        {
          "node": {
            "$ref": "#n:1"
          },
          "keyProperty": {
            "$ref": "#p:9"
          }
        },
        {
          "node": {
            "$ref": "#n:4"
          },
          "keyProperty": {
            "$ref": "#p:13"
          }
        },
        {
          "node": {
            "$ref": "#n:3"
          },
          "keyProperty": {
            "$ref": "#p:15"
          }
        },
        {
          "node": {
            "$ref": "#n:5"
          },
          "keyProperty": {
            "$ref": "#p:17"
          }
        }
      ]
    },
    "graphMappingRepresentation": {
      "dataSourceSchema": {
        "type": "local",
        "tableSchemas": [
          {
            "name": "directors.csv",
            "expanded": false,
            "fields": [
              {
                "name": "directorId",
                "sample": "1",
                "recommendedType": {
                  "type": "integer"
                }
              },
              {
                "name": "name",
                "sample": "Aaron Schneider",
                "recommendedType": {
                  "type": "string"
                }
              }
            ]
          },
          {
            "name": "actors.csv",
            "expanded": false,
            "fields": [
              {
                "name": "actorId",
                "sample": "1",
                "recommendedType": {
                  "type": "integer"
                }
              },
              {
                "name": "name",
                "sample": "Aaron Taylor-Johnson",
                "recommendedType": {
                  "type": "string"
                }
              }
            ]
          },
          {
            "name": "genres.csv",
            "expanded": false,
            "fields": [
              {
                "name": "genreId",
                "sample": "1",
                "recommendedType": {
                  "type": "integer"
                }
              },
              {
                "name": "name",
                "sample": "Action",
                "recommendedType": {
                  "type": "string"
                }
              }
            ]
          },
          {
            "name": "movies.csv",
            "expanded": false,
            "fields": [
              {
                "name": "movieId",
                "sample": "tt0369610",
                "recommendedType": {
                  "type": "string"
                }
              },
              {
                "name": "title",
                "sample": "Jurassic World",
                "recommendedType": {
                  "type": "string"
                }
              },
              {
                "name": "genre",
                "sample": "Action, Adventure, Sci-Fi",
                "recommendedType": {
                  "type": "string"
                }
              },
              {
                "name": "year",
                "sample": "2015",
                "recommendedType": {
                  "type": "integer"
                }
              }
            ]
          },
          {
            "name": "users.csv",
            "expanded": false,
            "fields": [
              {
                "name": "userId",
                "sample": "1",
                "recommendedType": {
                  "type": "integer"
                }
              },
              {
                "name": "name",
                "sample": "Fleurette Brumble",
                "recommendedType": {
                  "type": "string"
                }
              },
              {
                "name": "userName",
                "sample": "fbrumble0",
                "recommendedType": {
                  "type": "string"
                }
              },
              {
                "name": "email",
                "sample": "fbrumble0@noaa.gov",
                "recommendedType": {
                  "type": "string"
                }
              }
            ]
          },
          {
            "name": "movieReviews.csv",
            "expanded": false,
            "fields": [
              {
                "name": "reviewId",
                "sample": "1",
                "recommendedType": {
                  "type": "integer"
                }
              },
              {
                "name": "title",
                "sample": "Spielberg Magic, This Is Not. Still, a Visit to Jurassic World Is Worth the Price of Admission.",
                "recommendedType": {
                  "type": "string"
                }
              },
              {
                "name": "rating",
                "sample": "7",
                "recommendedType": {
                  "type": "integer"
                }
              },
              {
                "name": "text",
                "sample": "You may have heard some critics champion Jurassic World as \"The best Jurassic Park sequel\", some fan...",
                "recommendedType": {
                  "type": "string"
                }
              }
            ]
          },
          {
            "name": "actsIn.csv",
            "expanded": false,
            "fields": [
              {
                "name": "movieId",
                "sample": "tt0369610",
                "recommendedType": {
                  "type": "string"
                }
              },
              {
                "name": "actorId",
                "sample": "96",
                "recommendedType": {
                  "type": "integer"
                }
              }
            ]
          },
          {
            "name": "directs.csv",
            "expanded": false,
            "fields": [
              {
                "name": "movieId",
                "sample": "tt0369610",
                "recommendedType": {
                  "type": "string"
                }
              },
              {
                "name": "directorId",
                "sample": "39",
                "recommendedType": {
                  "type": "integer"
                }
              }
            ]
          },
          {
            "name": "gaveReview.csv",
            "expanded": false,
            "fields": [
              {
                "name": "userId",
                "sample": "771",
                "recommendedType": {
                  "type": "integer"
                }
              },
              {
                "name": "reviewId",
                "sample": "1205",
                "recommendedType": {
                  "type": "integer"
                }
              },
              {
                "name": "reviewDate",
                "sample": "9/26/24",
                "recommendedType": {
                  "type": "string"
                }
              }
            ]
          },
          {
            "name": "hasReview.csv",
            "expanded": false,
            "fields": [
              {
                "name": "movieId",
                "sample": "tt0369610",
                "recommendedType": {
                  "type": "string"
                }
              },
              {
                "name": "reviewId",
                "sample": "1",
                "recommendedType": {
                  "type": "integer"
                }
              }
            ]
          },
          {
            "name": "inGenre.csv",
            "expanded": false,
            "fields": [
              {
                "name": "imdbId",
                "sample": "tt0369610",
                "recommendedType": {
                  "type": "string"
                }
              },
              {
                "name": "genreId",
                "sample": "1",
                "recommendedType": {
                  "type": "integer"
                }
              }
            ]
          },
          {
            "name": "isFriendsWith.csv",
            "expanded": false,
            "fields": [
              {
                "name": "userAId",
                "sample": "1036",
                "recommendedType": {
                  "type": "integer"
                }
              },
              {
                "name": "userBId",
                "sample": "1139",
                "recommendedType": {
                  "type": "integer"
                }
              }
            ]
          },
          {
            "name": "wantsToWatch.csv",
            "expanded": false,
            "fields": [
              {
                "name": "userId",
                "sample": "358",
                "recommendedType": {
                  "type": "integer"
                }
              },
              {
                "name": "movieId",
                "sample": "tt5463162",
                "recommendedType": {
                  "type": "string"
                }
              },
              {
                "name": "addedOn",
                "sample": "6/28/25",
                "recommendedType": {
                  "type": "string"
                }
              }
            ]
          }
        ]
      },
      "nodeMappings": [
        {
          "node": {
            "$ref": "#n:6"
          },
          "tableName": "users.csv",
          "propertyMappings": [
            {
              "fieldName": "userId",
              "property": {
                "$ref": "#p:1"
              }
            },
            {
              "fieldName": "name",
              "property": {
                "$ref": "#p:2"
              }
            },
            {
              "fieldName": "userName",
              "property": {
                "$ref": "#p:3"
              }
            },
            {
              "fieldName": "email",
              "property": {
                "$ref": "#p:4"
              }
            }
          ]
        },
        {
          "node": {
            "$ref": "#n:1"
          },
          "tableName": "movies.csv",
          "propertyMappings": [
            {
              "fieldName": "movieId",
              "property": {
                "$ref": "#p:9"
              }
            },
            {
              "fieldName": "title",
              "property": {
                "$ref": "#p:10"
              }
            },
            {
              "fieldName": "genre",
              "property": {
                "$ref": "#p:11"
              }
            },
            {
              "property": {
                "$ref": "#p:12"
              },
              "fieldName": "year"
            }
          ]
        },
        {
          "node": {
            "$ref": "#n:2"
          },
          "tableName": "movieReviews.csv",
          "propertyMappings": [
            {
              "fieldName": "reviewId",
              "property": {
                "$ref": "#p:5"
              }
            },
            {
              "fieldName": "title",
              "property": {
                "$ref": "#p:6"
              }
            },
            {
              "fieldName": "rating",
              "property": {
                "$ref": "#p:7"
              }
            },
            {
              "fieldName": "text",
              "property": {
                "$ref": "#p:8"
              }
            }
          ]
        },
        {
          "node": {
            "$ref": "#n:4"
          },
          "tableName": "directors.csv",
          "propertyMappings": [
            {
              "fieldName": "directorId",
              "property": {
                "$ref": "#p:13"
              }
            },
            {
              "fieldName": "name",
              "property": {
                "$ref": "#p:14"
              }
            }
          ]
        },
        {
          "node": {
            "$ref": "#n:3"
          },
          "tableName": "actors.csv",
          "propertyMappings": [
            {
              "fieldName": "actorId",
              "property": {
                "$ref": "#p:15"
              }
            },
            {
              "fieldName": "name",
              "property": {
                "$ref": "#p:16"
              }
            }
          ]
        },
        {
          "node": {
            "$ref": "#n:5"
          },
          "tableName": "genres.csv",
          "propertyMappings": [
            {
              "fieldName": "genreId",
              "property": {
                "$ref": "#p:17"
              }
            },
            {
              "fieldName": "name",
              "property": {
                "$ref": "#p:18"
              }
            }
          ]
        }
      ],
      "relationshipMappings": [
        {
          "relationship": {
            "$ref": "#r:6"
          },
          "tableName": "isFriendsWith.csv",
          "propertyMappings": [],
          "fromMapping": {
            "fieldName": "userAId"
          },
          "toMapping": {
            "fieldName": "userBId"
          }
        },
        {
          "relationship": {
            "$ref": "#r:5"
          },
          "tableName": "wantsToWatch.csv",
          "propertyMappings": [
            {
              "fieldName": "addedOn",
              "property": {
                "$ref": "#p:19"
              }
            }
          ],
          "fromMapping": {
            "fieldName": "userId"
          },
          "toMapping": {
            "fieldName": "movieId"
          }
        },
        {
          "relationship": {
            "$ref": "#r:7"
          },
          "tableName": "gaveReview.csv",
          "propertyMappings": [
            {
              "fieldName": "reviewDate",
              "property": {
                "$ref": "#p:20"
              }
            }
          ],
          "fromMapping": {
            "fieldName": "userId"
          },
          "toMapping": {
            "fieldName": "reviewId"
          }
        },
        {
          "relationship": {
            "$ref": "#r:3"
          },
          "tableName": "hasReview.csv",
          "propertyMappings": [],
          "fromMapping": {
            "fieldName": "movieId"
          },
          "toMapping": {
            "fieldName": "reviewId"
          }
        },
        {
          "relationship": {
            "$ref": "#r:2"
          },
          "tableName": "actsIn.csv",
          "propertyMappings": [],
          "fromMapping": {
            "fieldName": "actorId"
          },
          "toMapping": {
            "fieldName": "movieId"
          }
        },
        {
          "relationship": {
            "$ref": "#r:1"
          },
          "tableName": "directs.csv",
          "propertyMappings": [],
          "fromMapping": {
            "fieldName": "directorId"
          },
          "toMapping": {
            "fieldName": "movieId"
          }
        },
        {
          "relationship": {
            "$ref": "#r:4"
          },
          "tableName": "inGenre.csv",
          "propertyMappings": [],
          "fromMapping": {
            "fieldName": "imdbId"
          },
          "toMapping": {
            "fieldName": "genreId"
          }
        }
      ]
    },
    "configurations": {
      "idsToIgnore": []
    }
  }
}