userId,reviewId,reviewDate
771,1205,9/26/24
797,4182,8/14/24
680,4770,2/11/25
1531,811,12/17/24
587,5067,4/5/25
1450,3562,12/27/24
738,2404,6/28/25
1758,2670,11/30/24
606,679,9/21/24
1746,6133,6/4/25
1960,4676,5/30/25
1762,2326,7/17/25
1367,1150,10/24/24
938,1476,7/21/25
1656,980,3/24/25
352,626,11/19/24
421,2749,2/18/25
516,2224,6/7/25
240,5166,4/17/25
653,5876,7/15/25
1494,2849,8/8/25
194,5568,7/5/25
498,4824,12/27/24
353,6189,10/8/24
1696,827,6/15/25
1630,2868,9/2/24
1261,3170,10/2/24
725,3513,5/6/25
1841,6175,12/23/24
358,5691,1/6/25
887,796,10/28/24
1648,102,5/14/25
1541,659,6/22/25
701,4461,7/16/25
115,3744,6/6/25
1429,3949,4/7/25
173,5490,7/15/25
954,2304,1/13/25
226,2139,1/12/25
158,5492,6/17/25
1815,5386,8/17/24
490,1380,12/21/24
681,4580,3/11/25
1290,4867,11/7/24
701,5287,7/9/25
618,5273,2/4/25
1044,1492,10/3/24
1907,3551,7/18/25
1709,3524,2/24/25
1304,4177,11/16/24
1268,871,10/29/24
1199,2768,1/29/25
369,4215,8/7/25
1107,3337,7/21/25
280,5497,3/3/25
1885,828,3/17/25
21,3360,4/15/25
111,1314,9/6/24
1668,1694,9/26/24
1541,2088,5/12/25
1502,70,7/18/25
859,5020,10/17/24
1700,780,2/7/25
1758,3574,1/31/25
636,5660,6/25/25
1209,1884,7/13/25
1853,5489,2/4/25
1791,4345,8/23/24
1789,5053,5/7/25
1663,3743,1/19/25
61,4022,5/14/25
955,1357,1/25/25
1793,1578,4/10/25
1008,6190,1/16/25
1057,4093,11/23/24
52,1022,2/8/25
122,666,8/10/24
1522,1186,4/13/25
1873,2941,12/10/24
1076,3547,9/19/24
841,4158,1/29/25
451,1138,9/30/24
1667,5356,6/25/25
382,2120,5/1/25
1623,4194,3/27/25
35,4588,9/30/24
906,3755,2/5/25
1291,6007,9/20/24
402,3145,10/3/24
399,4457,2/26/25
1622,2184,10/11/24
375,1990,8/12/24
1585,4014,11/6/24
1861,4909,11/16/24
426,2902,1/22/25
133,4217,1/28/25
1149,1910,7/4/25
1813,3594,5/29/25
1203,539,5/22/25
1708,2663,1/18/25
1518,3359,7/19/25
32,542,1/20/25
817,837,9/6/24
156,388,3/26/25
665,5807,8/13/24
137,4175,4/28/25
1178,4989,12/31/24
26,1664,2/4/25
515,3701,5/2/25
737,1497,6/21/25
356,4645,4/29/25
465,3540,6/29/25
1246,870,3/12/25
582,2519,12/30/24
693,2006,3/1/25
1924,3048,9/21/24
1898,3004,7/7/25
1371,2312,9/20/24
1674,5880,8/12/24
129,784,11/20/24
561,1967,2/20/25
1369,5505,10/12/24
332,2066,9/21/24
1790,1945,1/16/25
1550,3157,9/13/24
45,3663,12/25/24
328,435,4/26/25
1250,276,8/9/25
966,2698,3/7/25
1835,5794,9/5/24
1960,3795,9/21/24
630,3045,8/19/24
226,4296,2/1/25
1073,679,12/6/24
859,6146,11/15/24
563,5784,9/1/24
185,456,11/22/24
261,1188,11/10/24
1272,1688,12/10/24
1423,6092,12/6/24
789,5924,5/18/25
85,221,12/16/24
1936,1501,1/28/25
1254,1150,2/19/25
83,1301,11/25/24
97,2812,4/26/25
1272,4673,5/5/25
16,4707,4/24/25
8,1778,10/8/24
1824,3583,6/5/25
727,1801,10/7/24
217,3787,5/17/25
152,3764,4/2/25
443,5871,6/7/25
79,237,12/3/24
698,339,3/21/25
1884,2100,2/16/25
1623,1831,8/21/24
1069,3824,4/14/25
1540,3458,11/27/24
1067,4353,7/8/25
943,903,8/29/24
1737,6089,2/7/25
992,310,6/28/25
393,157,11/7/24
176,6137,6/11/25
1767,1945,8/31/24
8,4065,8/17/24
669,1061,5/15/25
1274,3368,6/13/25
14,3263,6/27/25
1479,3108,2/6/25
788,1113,12/28/24
479,413,10/24/24
1314,1560,1/11/25
402,4271,4/30/25
1440,6031,12/28/24
68,5419,6/15/25
912,3183,7/16/25
1656,6057,1/9/25
1917,3812,11/29/24
802,3244,7/31/25
793,4596,6/17/25
1845,1515,10/17/24
75,3899,9/25/24
157,2601,5/30/25
790,868,6/22/25
915,638,7/10/25
237,1102,6/28/25
320,3419,8/14/24
531,128,12/16/24
1132,1888,6/13/25
269,631,7/3/25
482,4098,6/23/25
268,1996,6/19/25
311,4311,4/8/25
1962,2782,4/14/25
1703,5383,10/6/24
1806,2391,8/10/24
1488,3877,1/18/25
1602,2924,6/21/25
1686,171,9/23/24
961,3915,3/24/25
1298,1151,9/30/24
1124,5179,6/2/25
1878,3629,2/16/25
1857,5787,6/25/25
1704,6078,2/26/25
1971,6200,7/28/25
1240,5082,6/19/25
638,4747,8/31/24
1834,760,9/20/24
1316,385,6/22/25
1294,1256,1/2/25
1361,342,12/20/24
344,1009,6/22/25
1985,351,12/14/24
662,2620,8/30/24
60,4435,6/10/25
248,175,7/29/25
1933,284,8/15/24
1444,2634,6/13/25
690,624,3/21/25
1851,4861,5/14/25
1321,4302,7/26/25
741,4315,12/8/24
810,4470,8/19/24
1873,6080,11/28/24
903,3439,2/16/25
661,1597,4/9/25
8,1563,2/10/25
1429,5580,7/3/25
1854,977,1/5/25
1835,5439,3/16/25
820,4837,9/2/24
660,2647,11/30/24
1451,3210,11/22/24
127,1286,12/12/24
1690,5969,5/25/25
775,251,12/5/24
1966,1737,2/25/25
713,6037,10/29/24
1356,3278,5/11/25
799,4077,3/7/25
1556,5314,8/2/25
578,1737,10/10/24
1428,543,9/15/24
142,2059,8/10/24
307,3847,10/22/24
811,4931,2/28/25
1496,5618,12/1/24
1778,2532,7/14/25
751,831,1/20/25
1249,6126,3/26/25
969,3317,5/25/25
1696,1419,11/15/24
664,4425,5/12/25
551,459,8/6/25
593,1242,6/16/25
495,1770,8/22/24
1735,1341,3/5/25
762,342,10/3/24
476,1192,9/15/24
853,919,6/11/25
205,4869,1/13/25
1192,1539,5/18/25
1646,1599,1/6/25
1595,1014,7/14/25
555,238,9/22/24
1042,5669,5/25/25
139,3756,7/22/25
1728,3004,9/28/24
767,5180,1/22/25
1724,5433,2/4/25
1765,2538,10/24/24
395,5042,12/18/24
1736,90,5/30/25
1961,4915,7/21/25
860,182,11/16/24
1402,4314,4/1/25
1028,2097,2/1/25
1130,4943,5/4/25
1055,5853,10/7/24
1043,4257,4/20/25
1647,4943,3/8/25
749,5744,3/26/25
1715,5632,5/1/25
353,2526,1/19/25
1967,208,8/7/25
1090,762,9/14/24
463,3710,3/13/25
226,3212,8/2/25
1103,84,5/28/25
1558,4029,2/8/25
521,1862,6/26/25
970,5732,2/22/25
1246,2027,6/12/25
1521,4038,1/29/25
99,5578,3/21/25
1798,2988,10/2/24
1846,1190,4/24/25
61,1772,10/19/24
611,4920,7/6/25
342,6207,8/31/24
1410,3326,3/3/25
1659,458,10/14/24
1984,4250,4/21/25
921,3664,11/30/24
1241,5493,6/6/25
531,5029,9/20/24
265,3231,8/25/24
1702,1282,11/29/24
872,823,7/27/25
163,1267,8/15/24
1910,386,4/20/25
177,4664,7/20/25
1524,5542,12/23/24
625,3124,4/11/25
766,4912,8/24/24
151,1112,6/17/25
1488,1659,4/8/25
406,2102,1/28/25
1321,3834,11/30/24
1874,4795,9/22/24
253,2798,11/3/24
83,3172,4/28/25
225,231,7/31/25
404,6139,8/22/24
840,349,7/7/25
1141,2643,12/19/24
665,3610,7/31/25
308,2226,1/13/25
1309,4674,4/10/25
890,5828,2/1/25
117,3739,1/16/25
233,1052,3/17/25
890,4686,6/7/25
531,1046,8/5/25
1482,5201,10/15/24
746,3846,10/21/24
667,6175,8/22/24
1257,1338,5/19/25
1192,3233,10/10/24
1814,4492,2/28/25
1032,1635,11/4/24
566,2889,2/13/25
1049,3969,11/27/24
887,1041,11/2/24
661,4733,1/6/25
219,4893,11/30/24
270,2343,7/3/25
1236,4640,4/26/25
1602,2685,6/14/25
1074,1238,5/15/25
402,4112,2/26/25
1756,1210,5/10/25
1830,1287,10/10/24
1534,5257,9/13/24
1290,411,11/9/24
477,5856,10/11/24
76,1959,5/23/25
690,626,6/17/25
122,870,11/16/24
1677,5559,3/22/25
650,2383,4/7/25
1106,4752,11/4/24
803,4106,5/18/25
183,5299,2/25/25
1827,2341,10/22/24
1786,3758,11/16/24
738,4347,3/5/25
1357,1485,2/25/25
321,3296,11/7/24
267,2947,8/29/24
1464,1060,11/2/24
380,4790,10/10/24
193,311,11/18/24
403,4606,10/2/24
1414,751,3/14/25
18,812,7/3/25
1084,5391,7/29/25
1036,1522,12/31/24
106,4718,7/2/25
1807,1700,6/7/25
1265,5604,2/10/25
734,1415,10/15/24
831,4232,3/28/25
1515,4171,3/15/25
1017,192,12/3/24
64,169,11/25/24
1001,4149,1/8/25
127,2866,10/19/24
924,6024,10/12/24
1590,5940,6/17/25
870,4481,7/17/25
372,4003,9/10/24
848,5254,2/5/25
430,3634,5/13/25
1300,3977,9/6/24
714,3005,1/23/25
1716,1379,3/23/25
810,4157,2/15/25
276,4421,8/30/24
367,2023,2/2/25
249,4775,8/7/25
985,2199,4/6/25
759,3620,3/17/25
1888,3489,10/3/24
366,3949,7/14/25
1111,5442,12/18/24
184,2706,6/9/25
1995,5663,1/30/25
253,2099,2/28/25
1021,4159,3/17/25
603,2157,1/8/25
1054,3711,8/25/24
1407,1926,2/20/25
1903,5041,12/11/24
1351,2395,7/3/25
1526,788,9/23/24
425,952,12/9/24
543,505,8/9/25
1351,4700,1/30/25
1066,4157,7/1/25
815,5525,4/11/25
1799,3002,2/25/25
1258,1754,4/21/25
1168,3847,11/3/24
1460,5055,4/3/25
359,668,4/29/25
1712,3164,6/2/25
889,887,1/24/25
692,4117,2/1/25
143,3976,3/14/25
961,1420,6/25/25
232,209,2/25/25
1297,3120,4/7/25
182,1499,6/3/25
1660,6193,12/21/24
46,3034,6/24/25
45,375,10/23/24
273,322,8/4/25
246,5664,5/22/25
1685,807,9/9/24
357,1713,10/2/24
708,4535,5/30/25
509,3120,12/30/24
1600,54,12/31/24
742,4063,3/14/25
1497,1087,9/9/24
483,1205,4/23/25
888,4093,12/28/24
638,277,3/21/25
1267,1497,10/23/24
293,2495,1/10/25
1465,5197,11/28/24
1449,1264,5/13/25
1419,4212,7/8/25
188,3721,9/19/24
145,2770,9/16/24
1190,6152,5/8/25
909,4454,7/2/25
1303,5490,10/27/24
1341,1451,5/18/25
702,723,1/19/25
1555,5806,12/13/24
1499,5626,3/13/25
938,1700,11/12/24
694,1776,7/25/25
193,743,12/18/24
1082,826,7/8/25
264,1730,4/30/25
119,5840,10/22/24
87,2095,10/15/24
1369,3059,8/22/24
1731,1622,10/28/24
1780,1705,3/25/25
805,4690,4/30/25
1456,4385,8/2/25
1732,1313,3/21/25
1861,3767,5/19/25
631,1133,5/12/25
347,338,9/21/24
658,4589,12/25/24
1442,3817,1/6/25
1035,4992,1/28/25
15,3110,5/31/25
1031,5659,12/25/24
1658,5655,12/13/24
1220,3128,1/2/25
494,4164,9/18/24
1735,1835,6/19/25
516,5446,11/26/24
1403,5158,8/14/24
1771,4601,3/22/25
105,856,2/1/25
819,1813,5/20/25
153,278,1/13/25
1107,3620,2/20/25
1377,4513,2/19/25
345,1634,4/9/25
1717,5848,1/22/25
1300,3148,1/21/25
829,3826,5/21/25
1065,2401,12/24/24
1599,2638,6/8/25
468,3435,11/21/24
1696,563,3/3/25
518,3999,6/12/25
687,5779,3/28/25
1390,3003,3/21/25
733,4776,5/27/25
1075,2265,5/7/25
929,2059,9/2/24
519,3014,3/31/25
311,5357,12/12/24
902,1476,8/25/24
1134,4749,3/25/25
204,4380,1/18/25
155,2233,2/12/25
322,4897,1/30/25
1008,1299,4/29/25
564,4263,7/6/25
676,1197,10/10/24
1663,6005,10/31/24
1888,3376,10/23/24
405,962,2/17/25
1565,1505,4/26/25
58,3231,10/6/24
1666,1901,7/31/25
1673,4269,3/28/25
1919,4228,3/31/25
309,4064,1/21/25
1382,3319,7/31/25
597,6052,6/30/25
987,149,10/24/24
54,4090,4/2/25
1087,591,6/21/25
1627,4848,5/12/25
180,5125,9/30/24
1397,1470,9/1/24
206,524,7/28/25
727,612,3/5/25
366,2723,4/12/25
1191,2287,3/2/25
1193,3224,2/10/25
1467,417,5/18/25
96,2512,5/21/25
1648,4672,1/1/25
1103,633,5/6/25
1797,2452,4/12/25
425,3449,3/13/25
915,1243,7/31/25
1140,825,9/16/24
956,2438,8/7/25
1708,3070,12/21/24
1726,548,10/4/24
1926,529,2/3/25
1176,2956,9/28/24
1930,4315,1/23/25
996,1991,8/28/24
1772,5865,3/6/25
1590,4266,12/12/24
709,426,10/6/24
422,2974,2/23/25
1172,3148,2/8/25
304,5523,2/22/25
764,2482,9/12/24
1681,4499,6/7/25
152,5164,4/10/25
1701,3800,10/3/24
1567,4749,1/12/25
187,81,7/24/25
355,3121,8/10/24
1665,3801,8/12/24
1875,817,5/5/25
1544,1918,4/11/25
460,374,8/10/24
62,312,4/8/25
3,4059,4/28/25
51,1181,11/9/24
718,478,5/21/25
1273,5094,2/8/25
1066,4903,6/20/25
743,6036,6/22/25
1636,3464,8/11/24
1154,2894,3/22/25
930,2565,10/15/24
227,4964,5/18/25
1180,2318,8/26/24
1437,1045,3/12/25
1298,2671,1/11/25
401,1152,8/13/24
1308,2764,6/21/25
1981,2860,4/5/25
1130,5742,7/20/25
171,4536,11/10/24
117,1662,9/28/24
403,1048,3/1/25
358,5745,9/19/24
114,5785,4/8/25
98,3065,1/31/25
1602,5596,12/7/24
1015,2048,4/25/25
1476,2891,6/21/25
231,1620,2/24/25
1760,1366,12/6/24
393,2420,12/14/24
1301,1696,9/11/24
852,5239,8/29/24
1503,997,6/22/25
859,1816,2/8/25
598,2190,4/3/25
1682,42,9/2/24
1643,3733,11/21/24
1236,4652,3/1/25
1468,4830,1/25/25
737,1316,1/31/25
880,3676,12/14/24
1181,5918,12/12/24
936,5755,12/15/24
947,4065,1/26/25
1642,1034,1/9/25
1085,4487,3/7/25
147,3498,4/11/25
1224,542,5/12/25
592,3920,7/27/25
1871,6060,12/18/24
1466,5675,5/31/25
1042,2820,1/23/25
266,2525,1/30/25
1116,5323,8/5/25
1323,4538,12/6/24
791,5938,1/5/25
102,2698,12/5/24
810,4309,6/8/25
825,1921,7/23/25
312,1223,6/6/25
1170,2087,9/23/24
423,2367,12/13/24
597,4281,5/1/25
906,1243,12/22/24
1717,68,1/30/25
1625,2279,3/29/25
463,5044,11/21/24
1614,405,7/13/25
603,4188,7/11/25
1653,5154,1/19/25
232,2122,4/8/25
1545,3106,10/25/24
953,4759,4/22/25
1326,5346,4/19/25
109,4394,10/4/24
819,5615,12/5/24
236,3655,1/20/25
1050,4127,4/11/25
234,116,2/21/25
272,3919,12/1/24
986,3074,7/27/25
173,2634,8/12/24
1095,5032,10/8/24
1441,5456,8/28/24
1570,1037,8/24/24
206,2179,7/1/25
88,2990,6/11/25
1532,3323,3/3/25
82,3757,6/28/25
1659,3763,7/14/25
46,2014,3/28/25
1145,722,4/28/25
1961,4557,6/12/25
529,4128,6/4/25
1030,5741,4/7/25
974,1326,12/17/24
1009,4777,6/12/25
1546,568,12/6/24
799,5931,4/21/25
1765,3579,6/23/25
214,5067,7/2/25
818,1588,11/13/24
800,2739,7/26/25
586,5766,1/6/25
1197,4914,3/27/25
1723,1379,9/17/24
136,290,8/14/24
617,5638,1/7/25
1926,280,2/1/25
1132,4197,10/1/24
966,4187,3/18/25
1622,2377,2/26/25
1251,2739,10/1/24
48,103,4/28/25
1551,1161,2/12/25
953,923,3/9/25
761,1071,1/17/25
1489,2430,8/4/25
1964,4767,2/9/25
1968,6003,7/30/25
431,3877,10/16/24
1614,4924,10/27/24
588,86,8/21/24
330,5239,3/3/25
1915,7,1/23/25
1880,5840,3/31/25
696,5079,2/17/25
1094,3864,1/30/25
456,103,7/14/25
500,3026,11/22/24
185,3616,7/19/25
1546,3158,4/7/25
1603,5592,6/19/25
1962,1276,4/7/25
507,1690,8/21/24
452,1675,12/16/24
1709,3537,8/8/25
137,5192,6/27/25
905,4986,11/1/24
1113,3835,5/13/25
1412,2796,1/14/25
166,6089,3/9/25
1488,2915,8/13/24
794,4865,2/13/25
789,2993,8/9/25
1224,5141,4/12/25
1581,5869,1/8/25
1298,858,11/16/24
1362,4712,9/20/24
159,3087,3/11/25
1509,1193,11/10/24
1744,2398,3/5/25
122,4039,9/27/24
1614,5092,12/17/24
1669,1601,12/5/24
632,1703,12/27/24
805,5584,5/25/25
1703,5196,12/19/24
369,2046,6/19/25
210,1308,1/18/25
1058,4925,7/1/25
1903,4240,7/31/25
1393,2670,7/31/25
629,5406,6/11/25
1667,6190,7/9/25
168,2630,5/12/25
1017,5978,1/20/25
1769,6004,8/16/24
235,1809,8/28/24
1696,4391,12/29/24
312,2427,7/27/25
1388,252,11/15/24
22,3497,9/20/24
11,120,5/23/25
1559,3192,3/30/25
32,3367,2/18/25
1200,2722,1/18/25
650,3671,1/17/25
1562,243,5/10/25
1392,1699,4/20/25
845,2811,1/26/25
1699,2201,1/27/25
367,172,9/1/24
1560,5,2/9/25
1526,838,11/23/24
571,4938,12/9/24
8,2266,4/3/25
1304,3141,1/16/25
191,3665,8/23/24
953,2959,2/5/25
903,5867,5/21/25
1654,2883,1/16/25
747,3143,9/14/24
1153,4422,12/30/24
533,3404,8/10/24
1537,1184,7/23/25
937,2015,10/12/24
1385,3655,4/20/25
1864,1411,7/31/25
1554,4258,11/11/24
1251,5463,12/30/24
1938,2855,10/23/24
86,3267,1/15/25
361,5716,10/8/24
1379,6008,6/16/25
1673,4255,5/9/25
1400,98,5/6/25
804,5566,4/29/25
114,6016,11/20/24
1565,2829,4/12/25
568,4334,7/8/25
1610,5929,4/4/25
422,1162,2/5/25
413,458,4/12/25
273,313,4/6/25
310,3538,1/9/25
212,4732,6/9/25
1886,499,10/9/24
1437,3854,3/12/25
350,2683,11/11/24
1066,900,12/24/24
1186,67,5/19/25
1535,5206,4/5/25
1058,6182,10/31/24
1561,4554,5/19/25
1431,1599,10/5/24
1191,4640,1/8/25
138,4668,9/21/24
115,1174,8/14/24
1339,1937,4/28/25
558,2393,9/21/24
1603,4838,5/12/25
829,4895,11/2/24
1338,2088,11/15/24
1371,2718,7/8/25
1153,2899,2/14/25
1217,743,3/10/25
23,1883,9/21/24
1981,1160,3/10/25
1902,4863,10/27/24
1112,5766,7/29/25
1011,3096,12/19/24
303,87,5/28/25
1388,1906,6/5/25
141,2640,9/4/24
60,4018,1/5/25
1517,4163,5/7/25
863,181,7/4/25
1324,3720,1/7/25
698,1933,9/29/24
374,2926,9/24/24
1816,5060,5/7/25
731,3956,5/3/25
1444,2882,6/28/25
1917,4588,4/17/25
761,2596,4/4/25
293,5279,12/14/24
581,2083,11/3/24
629,3101,9/11/24
85,1818,1/6/25
1025,693,2/10/25
1364,2370,11/8/24
163,527,4/24/25
426,6235,6/26/25
863,4145,12/7/24
806,1106,9/15/24
1101,1060,8/14/24
827,567,2/26/25
183,2928,5/16/25
246,2454,9/24/24
797,5124,12/19/24
1294,2360,12/15/24
1922,3997,9/17/24
1211,3379,9/17/24
1306,1301,9/16/24
1664,1630,7/25/25
945,3416,4/9/25
961,4150,2/26/25
579,3189,5/1/25
437,2991,11/7/24
409,5107,4/24/25
1749,2871,7/21/25
1818,508,4/15/25
1413,3878,12/8/24
570,4986,11/14/24
91,4611,10/9/24
1472,1751,7/31/25
237,2411,3/3/25
1027,184,6/13/25
855,5485,6/7/25
29,4082,10/22/24
1869,515,11/7/24
232,226,7/25/25
1172,3109,11/10/24
1345,369,6/21/25
1729,3200,5/13/25
1604,3352,12/19/24
512,3975,10/23/24
607,2899,1/17/25
1351,752,3/5/25
407,3590,3/11/25
335,1035,4/30/25
1042,2426,11/14/24
359,4987,9/19/24
1643,3743,8/19/24
1340,1721,5/31/25
1527,6229,1/3/25
1353,4768,4/14/25
516,1495,10/26/24
1622,2596,9/16/24
1584,4658,9/14/24
500,1555,10/2/24
1014,394,1/22/25
494,1403,1/27/25
1259,2238,3/15/25
1689,1122,2/17/25
1214,338,9/28/24
1763,4126,12/12/24
102,1628,12/11/24
123,3544,5/21/25
1395,4353,5/15/25
42,1856,12/20/24
784,4487,4/25/25
1557,2383,7/10/25
1905,3388,5/7/25
687,2188,5/8/25
69,3793,7/16/25
81,808,9/2/24
1189,3374,7/17/25
1015,757,5/15/25
250,2774,1/19/25
6,3260,11/3/24
1211,3483,12/21/24
1953,2093,7/15/25
968,2656,10/4/24
1021,3814,7/29/25
150,688,7/26/25
785,2917,11/26/24
945,953,5/15/25
1294,4090,6/14/25
1483,5770,5/1/25
166,3493,3/11/25
722,4915,3/29/25
1139,3330,5/4/25
1760,5840,4/30/25
1177,2532,3/24/25
1094,5877,2/23/25
1580,2305,6/5/25
725,3141,10/5/24
291,1669,8/17/24
1512,4763,6/7/25
660,3460,2/17/25
456,4627,4/7/25
1641,1727,10/6/24
1986,5592,4/13/25
1890,5294,12/29/24
1434,129,7/1/25
910,3810,8/17/24
1235,2118,1/24/25
747,905,1/15/25
1480,2734,10/6/24
573,236,10/7/24
172,5607,10/19/24
341,2534,2/14/25
1776,335,12/14/24
139,4716,7/13/25
1392,2771,11/10/24
542,547,7/10/25
649,2167,1/29/25
1900,4693,10/15/24
693,1942,5/6/25
267,3871,3/24/25
1014,1770,6/13/25
617,2772,2/16/25
1841,3783,8/3/25
328,3438,8/23/24
1860,5284,4/11/25
1570,1565,1/2/25
1262,3109,6/23/25
1439,3440,11/17/24
1875,740,1/28/25
1321,600,5/8/25
1941,4033,11/21/24
768,4011,11/8/24
1768,5962,6/10/25
40,3294,6/6/25
1161,5154,8/10/24
1368,4213,12/11/24
693,1844,6/12/25
23,53,2/1/25
1860,3429,12/19/24
1883,2079,5/9/25
195,1686,4/11/25
1091,87,6/1/25
50,5078,3/11/25
1898,2750,7/20/25
882,94,10/16/24
856,1222,9/1/24
1572,1288,6/25/25
1779,2614,4/11/25
1009,4543,10/19/24
671,1390,11/16/24
873,3819,1/29/25
1407,4564,3/25/25
1986,2028,11/4/24
1074,5742,2/3/25
1135,4125,12/21/24
886,4352,9/7/24
87,1016,1/2/25
1453,3887,4/29/25
1457,1296,8/27/24
112,2793,1/8/25
428,631,10/14/24
693,556,7/11/25
1039,2919,7/31/25
1120,5314,2/11/25
1472,697,8/17/24
676,1048,1/25/25
1399,6025,7/23/25
1727,3328,12/26/24
581,3450,8/4/25
505,4062,10/9/24
1302,4949,6/26/25
1787,1772,2/14/25
826,4630,12/24/24
508,6110,8/16/24
1990,3019,4/24/25
1471,3455,5/24/25
832,71,5/31/25
349,249,9/11/24
786,2975,8/13/24
1698,4165,8/4/25
1309,4706,2/10/25
1858,459,7/16/25
1074,3224,12/26/24
1436,3308,11/6/24
1819,3951,11/24/24
1473,1806,6/7/25
221,3539,6/10/25
1217,4911,11/16/24
1648,1175,4/28/25
420,5060,3/28/25
906,168,4/22/25
1552,2404,8/25/24
1172,2226,10/24/24
411,27,6/24/25
1254,1898,4/19/25
616,3012,6/22/25
513,6110,9/25/24
1678,1546,7/16/25
1318,2524,2/11/25
1013,6092,1/14/25
312,5309,2/18/25
243,1421,4/3/25
1483,5257,4/10/25
137,1729,9/7/24
1419,4743,2/21/25
1497,73,4/11/25
1430,5184,1/16/25
1220,356,2/14/25
1991,5183,9/23/24
596,6201,3/5/25
1839,3047,8/26/24
1189,600,10/19/24
1429,3034,10/24/24
727,1540,4/8/25
76,6111,7/22/25
658,5438,9/17/24
1996,4793,2/27/25
915,3712,7/24/25
491,3991,9/11/24
1175,5065,4/29/25
621,3272,9/19/24
1949,401,7/18/25
856,5875,9/21/24
651,1505,6/10/25
747,5305,4/9/25
638,4661,10/13/24
765,123,11/5/24
434,786,9/28/24
1994,3512,7/16/25
720,5789,6/25/25
1360,3422,8/17/24
1146,3002,5/21/25
1057,607,10/24/24
1972,4867,7/7/25
1632,4754,10/9/24
1485,5605,12/5/24
175,79,1/25/25
1233,117,9/23/24
1469,4732,6/10/25
1879,477,2/16/25
1340,4991,11/20/24
154,1612,12/6/24
1661,3703,9/25/24
279,2050,9/7/24
812,5195,10/25/24
156,498,4/5/25
1437,2083,2/16/25
267,5093,6/13/25
310,5132,4/26/25
1874,1356,6/15/25
1938,6234,10/2/24
147,2561,9/6/24
1144,5955,5/2/25
1136,4052,4/28/25
180,2589,5/17/25
898,4043,2/14/25
558,1881,3/19/25
381,291,12/1/24
31,1016,4/7/25
1867,5888,4/19/25
1735,4942,10/5/24
1665,3316,11/6/24
416,2453,1/11/25
333,2507,2/24/25
1062,1293,3/15/25
1116,1842,12/21/24
220,4453,9/13/24
820,2905,7/14/25
1658,5697,5/16/25
1647,5064,11/29/24
605,5126,8/31/24
1236,2145,8/3/25
43,1960,5/23/25
1710,5323,6/13/25
888,1729,2/28/25
1121,1729,10/18/24
1327,5776,6/27/25
575,1164,7/28/25
1408,4137,10/30/24
1067,3757,12/6/24
1527,879,7/6/25
814,112,9/9/24
428,1374,12/7/24
1596,2572,4/23/25
33,5879,5/30/25
1851,1168,2/4/25
122,6079,6/25/25
1071,5835,3/30/25
1363,5463,3/4/25
393,3671,5/20/25
292,318,5/7/25
1246,4603,12/12/24
1979,5441,3/25/25
735,5747,6/11/25
992,5655,11/4/24
1122,4748,3/17/25
211,1980,12/24/24
725,5307,5/16/25
797,3218,10/20/24
468,2084,8/11/24
564,6050,2/14/25
1713,4080,12/17/24
1661,1721,12/3/24
1801,3021,2/25/25
722,4973,12/26/24
892,4413,2/19/25
626,5650,6/8/25
379,2736,5/26/25
665,1194,5/1/25
1518,4639,5/4/25
1231,648,8/9/25
1200,3679,4/26/25
7,2309,5/18/25
1617,5861,11/21/24
1532,2091,5/26/25
912,810,10/21/24
147,3671,6/18/25
818,1251,12/12/24
842,69,10/21/24
853,5064,12/2/24
243,6052,5/6/25
892,5476,12/23/24
665,3015,9/15/24
1012,1165,1/3/25
1832,147,11/28/24
1156,4810,8/27/24
65,4470,4/4/25
1737,4253,8/6/25
584,2162,12/24/24
1896,1069,6/12/25
880,3342,5/19/25
404,2028,4/4/25
1169,2356,5/22/25
1734,1570,2/24/25
587,2292,10/10/24
535,4358,8/20/24
140,4579,11/27/24
905,5794,10/24/24
481,2446,10/13/24
223,4289,8/30/24
459,2280,11/27/24
1064,4884,8/13/24
512,4360,4/3/25
189,3151,3/4/25
191,5969,3/16/25
1931,1198,1/21/25
1453,3740,9/6/24
273,4584,10/6/24
511,5966,11/29/24
242,2527,5/10/25
1853,5275,12/6/24
1017,1321,8/11/24
1860,4475,9/28/24
1524,426,6/21/25
1827,168,5/3/25
1605,5456,7/1/25
31,1162,5/9/25
1939,1332,9/6/24
853,966,7/13/25
1282,261,2/23/25
1268,1791,5/12/25
1411,3413,10/12/24
233,5726,4/15/25
895,1343,3/24/25
159,78,10/29/24
88,4929,11/9/24
1933,548,8/17/24
101,4505,9/12/24
12,2153,7/4/25
1675,3367,2/17/25
1963,975,2/14/25
1755,3241,4/8/25
12,1543,6/1/25
1186,4960,1/4/25
1658,6142,7/21/25
729,5690,3/11/25
135,5939,3/29/25
1827,99,5/24/25
1553,5366,2/21/25
1851,5072,6/12/25
421,624,1/9/25
1751,6135,1/12/25
1257,850,7/5/25
577,2037,8/21/24
1310,1030,4/27/25
538,2450,12/12/24
270,3707,2/10/25
1835,2783,3/1/25
492,2362,9/2/24
832,2437,11/2/24
121,861,4/16/25
1492,8,6/18/25
1329,4926,6/20/25
1945,5726,4/24/25
541,4527,7/12/25
1724,4361,8/13/24
158,4559,4/28/25
856,2403,5/1/25
1833,719,7/9/25
369,3246,1/18/25
192,1051,7/18/25
1568,870,7/21/25
1248,893,3/21/25
522,2779,3/26/25
75,3506,1/7/25
1425,882,10/13/24
50,5990,4/2/25
423,4744,2/17/25
534,35,8/10/24
801,4412,5/4/25
438,920,7/30/25
45,2047,12/20/24
328,876,6/25/25
1695,1881,7/8/25
1245,246,9/22/24
1046,3809,10/8/24
181,2266,2/14/25
1291,3802,11/27/24
224,4268,9/2/24
45,3912,11/17/24
1342,2147,1/26/25
1340,2237,4/10/25
971,4462,12/27/24
344,2450,5/29/25
493,962,1/29/25
562,2965,7/13/25
1930,1516,8/7/25
1454,3427,6/15/25
1024,3094,10/13/24
1092,1423,4/16/25
216,698,6/4/25
1239,5631,3/25/25
1316,2350,8/8/25
1962,2896,10/8/24
684,1421,7/8/25
140,2979,12/7/24
505,3770,1/29/25
978,3822,2/17/25
930,2007,5/7/25
654,176,8/15/24
1135,5602,10/2/24
273,2133,12/17/24
443,5960,11/6/24
1794,5069,10/4/24
588,4977,9/19/24
1898,416,2/26/25
1596,780,8/1/25
623,5963,1/1/25
1482,1726,10/24/24
734,244,12/27/24
105,1986,6/15/25
1105,5695,4/16/25
398,4790,11/1/24
1238,960,8/6/25
124,3798,4/27/25
1392,3134,3/20/25
376,6082,7/16/25
342,2895,9/15/24
1678,5969,11/19/24
1793,4812,8/7/25
475,3809,5/3/25
551,3812,3/4/25
1173,2564,4/15/25
409,1814,9/14/24
933,5516,12/30/24
425,5248,1/10/25
1684,2768,11/27/24
1447,5222,10/15/24
990,5289,12/5/24
339,1773,8/20/24
1921,5861,6/20/25
37,3315,4/14/25
1628,2845,8/5/25
791,2561,9/9/24
68,4446,8/14/24
415,4065,3/30/25
698,381,9/19/24
151,3617,2/14/25
423,3787,1/31/25
1344,1294,3/25/25
153,3138,12/10/24
1028,57,12/13/24
1629,5769,5/10/25
10,2742,8/6/25
1474,3558,2/27/25
1407,5037,9/1/24
902,1710,10/24/24
791,5469,3/3/25
1978,3158,7/16/25
1002,3572,8/21/24
679,1912,4/25/25
1714,5708,4/15/25
162,5378,5/8/25
927,947,6/21/25
317,1384,12/13/24
180,5486,1/23/25
1685,3258,12/16/24
630,333,7/14/25
1484,1547,11/14/24
1523,4394,4/21/25
1078,2844,11/30/24
1957,306,5/12/25
933,1447,3/28/25
1833,4464,5/26/25
123,3549,10/12/24
340,4457,6/27/25
1779,5431,8/9/25
712,258,11/28/24
505,5407,4/20/25
1615,3865,5/16/25
433,2963,6/10/25
203,5220,8/23/24
1956,3418,5/5/25
1001,2404,6/16/25
1481,5412,3/4/25
1434,4226,6/13/25
1801,2219,2/11/25
1744,3019,5/4/25
1241,148,2/17/25
625,4048,8/21/24
1661,2932,7/8/25
1869,1243,4/30/25
172,6029,4/1/25
980,4252,8/23/24
511,2424,11/16/24
1499,2248,4/30/25
1738,796,9/14/24
790,690,8/29/24
1564,1297,11/8/24
1247,2926,3/15/25
966,5472,3/21/25
1733,4690,7/30/25
1736,4367,2/22/25
1595,3973,7/19/25
1439,2062,8/28/24
1249,3734,6/12/25
1208,566,11/24/24
519,5620,1/26/25
199,6103,6/13/25
835,119,6/20/25
627,778,11/17/24
643,907,9/12/24
1519,6085,10/15/24
1020,282,10/8/24
895,28,4/27/25
471,5024,8/30/24
495,2902,6/6/25
988,5879,8/17/24
481,5866,11/9/24
1238,4791,12/29/24
920,467,11/12/24
1029,2864,10/26/24
1741,5439,2/7/25
983,1385,8/11/24
139,2443,9/21/24
1120,5571,6/9/25
199,4629,6/27/25
970,3245,10/18/24
1929,4903,5/1/25
1718,2868,9/15/24
1676,1614,6/21/25
532,1359,7/28/25
1523,543,1/10/25
166,1299,9/16/24
390,5776,7/13/25
1483,3274,6/26/25
1426,1663,9/14/24
648,6025,7/17/25
642,1866,5/1/25
829,752,3/1/25
1612,2159,10/11/24
1931,4977,9/13/24
1238,4092,2/27/25
713,3357,2/2/25
1830,5050,10/2/24
607,5383,12/14/24
1289,3551,12/19/24
1934,1914,11/9/24
1876,3594,10/20/24
1090,734,9/21/24
123,2522,12/17/24
841,2946,7/22/25
1956,5810,1/15/25
1070,5047,3/25/25
1677,1800,1/17/25
29,4465,6/10/25
1959,3027,4/13/25
448,3546,10/13/24
578,4828,10/15/24
1196,4733,12/22/24
466,5900,5/28/25
557,2126,4/15/25
1594,2211,7/29/25
614,2076,10/6/24
709,3521,2/9/25
1577,893,11/25/24
264,207,5/27/25
646,846,12/9/24
973,3866,7/21/25
1829,5011,7/26/25
1794,2580,3/10/25
1286,3884,7/29/25
330,510,7/26/25
1186,5172,5/18/25
653,5934,4/5/25
1529,3304,12/24/24
1368,906,8/6/25
276,4694,11/2/24
12,3551,10/29/24
374,4155,4/16/25
191,2668,5/4/25
485,2383,9/4/24
1935,455,9/13/24
168,1398,3/22/25
870,583,3/24/25
1875,2648,3/4/25
1795,3230,4/26/25
211,5776,3/14/25
1746,2895,4/30/25
665,2667,5/25/25
1382,3550,1/22/25
716,3660,8/15/24
65,4119,11/13/24
1374,3903,2/15/25
720,3916,8/24/24
1789,555,12/24/24
1480,5055,7/18/25
1950,36,10/30/24
161,2771,11/30/24
1071,2222,8/18/24
133,3801,2/12/25
676,953,7/4/25
503,5663,6/15/25
1725,5554,1/15/25
1113,1679,7/12/25
1684,4054,10/15/24
1030,6096,9/4/24
19,4095,1/24/25
749,3404,10/20/24
1980,1970,7/12/25
1886,3890,5/20/25
896,2166,10/1/24
147,6135,8/20/24
574,208,9/17/24
306,151,7/1/25
1314,3792,2/8/25
1416,1633,1/8/25
1574,2935,1/14/25
935,5421,4/2/25
468,1038,11/30/24
442,680,11/8/24
1853,1943,2/10/25
1572,3229,5/4/25
245,4896,1/4/25
1374,316,8/21/24
1576,3655,7/19/25
1696,3271,3/26/25
1226,5961,12/19/24
1148,434,9/2/24
1713,1333,10/13/24
276,5095,4/18/25
1019,5222,11/21/24
1731,3626,9/13/24
991,4122,12/15/24
1354,513,3/30/25
511,941,11/18/24
1273,565,2/9/25
1750,1023,2/22/25
217,6146,12/22/24
1190,394,3/28/25
1975,2722,3/13/25
1879,331,3/30/25
134,5611,10/21/24
594,1277,2/22/25
707,5884,12/17/24
94,1881,6/2/25
969,2204,7/3/25
875,4405,1/3/25
1133,2179,3/14/25
1993,3771,12/9/24
250,96,4/20/25
546,2952,3/1/25
610,5115,6/18/25
399,4412,5/10/25
363,4926,8/8/25
890,3341,11/8/24
13,5957,2/18/25
1948,3082,1/19/25
706,2933,9/22/24
1163,2390,8/19/24
1451,4903,3/3/25
1700,3093,7/28/25
1119,5310,11/23/24
1347,4270,2/24/25
1820,3128,8/18/24
129,6240,8/11/24
351,1408,5/24/25
1023,4912,1/29/25
331,2789,10/18/24
165,2619,11/14/24
547,599,8/26/24
183,1660,1/17/25
561,2249,7/9/25
1694,3990,6/10/25
1074,287,9/11/24
1294,5430,1/3/25
493,3420,11/20/24
24,1284,3/22/25
1319,4835,4/17/25
201,2372,3/31/25
1467,38,3/12/25
1269,2874,4/12/25
846,6078,5/25/25
707,5923,2/26/25
1791,4359,11/30/24
218,594,10/3/24
1923,288,1/10/25
1614,1245,3/10/25
1846,1070,10/1/24
604,5553,5/18/25
1445,3766,9/15/24
456,3030,9/2/24
1444,2911,1/15/25
983,1744,6/10/25
1930,808,7/18/25
960,2225,7/22/25
1999,649,3/16/25
82,6049,11/28/24
884,2160,4/1/25
1014,5217,7/13/25
361,3384,3/30/25
1056,5425,1/24/25
751,2008,11/30/24
1557,5867,11/20/24
413,5036,9/27/24
742,3641,2/2/25
970,819,3/27/25
1187,2835,12/23/24
1981,4478,9/1/24
809,2191,10/13/24
675,4462,8/25/24
1392,2580,11/3/24
1430,82,1/28/25
350,3702,1/5/25
46,4594,6/11/25
1969,1506,6/8/25
670,4398,2/3/25
184,4125,4/15/25
1317,4488,2/25/25
1450,3357,10/31/24
1532,3071,2/15/25
728,5346,10/23/24
1965,1311,4/17/25
1320,206,8/9/25
539,1907,11/21/24
317,4139,5/23/25
726,4925,2/25/25
442,5907,7/30/25
263,2224,8/24/24
449,3301,4/29/25
808,382,8/3/25
1023,3593,4/21/25
1977,2412,6/11/25
215,884,2/11/25
469,5550,6/2/25
151,3246,3/22/25
1869,345,1/12/25
630,4535,4/10/25
549,3675,8/19/24
960,4521,3/19/25
880,5212,11/23/24
826,5900,1/22/25
1732,1243,3/4/25
563,1476,8/25/24
1469,2118,1/14/25
1838,6208,5/13/25
754,1880,1/19/25
1868,28,4/10/25
1687,4754,3/10/25
523,136,11/8/24
604,2457,11/5/24
521,2357,1/28/25
871,2032,8/24/24
767,4150,3/3/25
1547,5125,11/7/24
906,1475,9/4/24
1844,2480,6/22/25
1218,1369,12/21/24
878,4848,10/19/24
999,751,10/30/24
436,6116,12/3/24
1469,5372,9/30/24
814,5528,5/11/25
632,1494,7/24/25
1490,1651,4/29/25
672,1824,6/16/25
85,6226,9/11/24
1612,3464,7/10/25
1646,2338,3/1/25
1135,2701,8/1/25
1846,868,10/13/24
1227,360,3/14/25
810,6056,5/17/25
1755,647,1/8/25
458,754,10/26/24
567,2163,7/5/25
366,1679,3/13/25
842,2141,5/23/25
1308,1697,12/6/24
357,1413,8/11/24
42,2911,1/21/25
1981,4546,3/22/25
88,5274,5/21/25
153,5910,12/19/24
1098,3157,10/15/24
1905,51,8/31/24
550,4044,10/26/24
1099,4723,2/7/25
1214,3203,12/6/24
376,1926,9/20/24
520,1372,7/26/25
519,3736,12/27/24
1978,4929,12/27/24
1528,1875,12/8/24
1036,1986,8/1/25
1,3344,8/12/24
240,500,8/14/24
1120,2281,5/7/25
1540,263,7/10/25
610,4313,3/9/25
973,3432,11/15/24
847,2848,3/16/25
737,1925,5/4/25
1406,573,11/7/24
692,2818,1/6/25
648,26,7/8/25
674,2643,9/15/24
632,3102,4/30/25
340,5086,11/10/24
293,1466,2/8/25
1789,4226,3/22/25
1518,4399,2/12/25
1262,2094,2/24/25
1125,4556,8/14/24
656,1593,4/24/25
80,3354,10/8/24
1421,5135,3/17/25
1312,2181,10/6/24
1041,3861,9/5/24
748,5004,3/29/25
666,292,10/24/24
421,2790,1/2/25
972,1015,1/24/25
711,591,10/9/24
908,4649,2/22/25
1502,2911,6/29/25
621,812,2/16/25
1384,4221,4/24/25
1813,361,1/2/25
325,177,12/23/24
1863,2725,4/19/25
205,3749,8/16/24
670,164,12/23/24
1477,5478,4/18/25
532,4172,5/29/25
651,1882,1/20/25
540,4713,9/7/24
947,3045,11/23/24
947,2866,10/7/24
1776,4929,12/29/24
1704,1492,4/5/25
296,4755,2/3/25
1936,5379,10/8/24
383,252,6/23/25
1756,2018,8/22/24
92,2560,9/13/24
919,1496,1/5/25
629,4281,11/1/24
1255,592,5/9/25
1483,2255,5/2/25
1164,4663,10/13/24
877,4929,7/26/25
1679,3517,12/1/24
1558,1823,4/30/25
566,2324,5/20/25
1833,1773,9/22/24
1810,2981,9/11/24
779,4263,11/11/24
1136,531,12/20/24
1045,5323,8/4/25
839,1741,11/29/24
125,4057,2/12/25
75,2556,8/18/24
1233,4031,6/19/25
1836,1892,1/3/25
604,2851,2/13/25
488,4486,5/26/25
1955,118,7/17/25
804,4171,12/4/24
1850,704,11/21/24
1079,2073,10/3/24
787,3796,7/10/25
1017,4437,10/14/24
1748,2452,1/30/25
1527,2720,12/3/24
809,2713,6/21/25
980,3490,5/24/25
1102,2397,6/16/25
181,4293,12/26/24
1520,2136,4/24/25
44,6052,10/21/24
1232,5321,8/22/24
1049,4328,1/25/25
1697,3875,5/9/25
1542,4677,11/10/24
387,671,7/12/25
1933,4848,7/25/25
1942,2316,8/17/24
883,532,11/20/24
1628,1895,1/9/25
590,4170,11/26/24
9,261,5/23/25
43,3933,5/2/25
820,3091,2/5/25
1246,4892,2/9/25
1512,4649,6/3/25
1689,3407,7/20/25
1107,1938,9/6/24
1710,2002,8/27/24
847,4447,11/3/24
254,1933,12/2/24
1283,1001,9/2/24
889,5513,9/30/24
1390,2908,3/14/25
64,2766,9/19/24
1408,633,5/24/25
1324,1677,3/20/25
1510,721,5/3/25
1875,484,10/19/24
667,2096,10/29/24
1238,2802,1/23/25
1904,3558,10/9/24
1363,6054,12/4/24
1244,3034,5/11/25
1259,5892,5/20/25
481,4132,4/2/25
703,5007,4/12/25
1864,5349,1/12/25
1976,155,12/19/24
852,657,5/17/25
521,4902,2/16/25
1708,2951,6/8/25
1093,4775,3/4/25
352,4839,10/15/24
666,5428,8/4/25
206,2823,12/26/24
21,4121,2/3/25
143,4071,3/22/25
436,2089,5/1/25
90,3155,10/10/24
284,2437,11/19/24
1502,2273,8/19/24
1479,3872,11/25/24
833,4586,1/27/25
1184,2211,10/27/24
116,1238,1/8/25
579,1703,12/9/24
1580,1263,5/29/25
967,456,2/14/25
318,4915,2/13/25
1379,2108,6/5/25
63,5999,3/21/25
630,2167,8/3/25
419,38,7/12/25
303,794,11/17/24
1762,2464,11/10/24
818,1831,1/19/25
733,4662,2/19/25
346,4747,3/11/25
1813,3696,7/11/25
1210,822,10/19/24
1151,1630,11/4/24
219,2356,6/30/25
851,3180,4/2/25
998,4012,7/11/25
1097,1625,1/10/25
1843,3575,1/27/25
830,6041,1/27/25
1341,914,4/8/25
896,209,2/21/25
839,5196,4/18/25
375,2098,9/17/24
1115,2583,8/7/25
352,3776,9/10/24
1021,3924,4/19/25
1585,673,9/14/24
1819,2906,4/9/25
1158,4272,1/17/25
833,2007,8/27/24
1203,311,2/18/25
1755,1550,6/2/25
994,4490,4/8/25
1608,1263,11/27/24
1418,1739,11/15/24
866,589,11/19/24
1577,2130,2/10/25
1340,205,1/17/25
438,294,11/17/24
305,1296,10/15/24
1475,524,8/27/24
798,3255,3/28/25
1433,5185,6/5/25
1870,501,1/30/25
1708,5892,6/6/25
924,1885,6/25/25
751,5,11/8/24
1743,4464,12/16/24
1341,62,7/9/25
281,3271,4/28/25
1379,2346,7/15/25
809,1198,8/29/24
118,4500,6/22/25
1375,827,4/23/25
1753,6125,7/11/25
983,1173,12/23/24
1519,97,2/16/25
1244,1747,8/31/24
1664,777,4/2/25
1330,3083,5/29/25
370,5501,12/19/24
414,3562,3/2/25
725,1828,9/4/24
1649,3560,11/20/24
1190,1002,11/12/24
118,1434,7/31/25
1863,5210,1/13/25
571,915,10/18/24
223,247,4/10/25
138,4344,12/5/24
1896,6079,12/2/24
1507,4684,10/5/24
1390,117,2/24/25
1833,5350,7/25/25
318,991,9/18/24
1077,1588,10/1/24
783,3199,8/1/25
716,1141,3/29/25
1317,3871,9/14/24
1257,2974,12/25/24
1756,4744,8/4/25
1987,3837,4/12/25
1456,483,9/6/24
825,4580,3/11/25
957,1720,5/29/25
661,369,9/8/24
271,4124,4/30/25
1695,1102,8/22/24
1170,1798,7/21/25
259,2532,7/27/25
1066,5865,4/1/25
1264,3148,3/12/25
1685,404,5/12/25
1859,5731,11/21/24
577,1254,8/5/25
456,1253,9/26/24
1954,5798,10/6/24
1267,1479,12/23/24
1655,3320,1/9/25
385,6094,5/17/25
468,2492,8/15/24
218,1148,5/30/25
1817,226,4/18/25
1344,3381,10/9/24
1125,2132,11/7/24
1432,2069,10/4/24
64,1115,1/21/25
1859,5337,7/9/25
50,3073,9/16/24
65,4765,8/11/24
1699,1061,10/15/24
126,5041,12/5/24
1419,2080,6/23/25
961,3842,9/13/24
1207,573,9/22/24
993,606,5/12/25
1778,1359,10/4/24
1339,5780,9/4/24
768,3629,6/2/25
1580,2889,3/9/25
1985,5069,6/12/25
694,5601,7/14/25
1066,3365,9/30/24
1853,3194,1/5/25
959,3391,11/9/24
1233,3391,7/29/25
206,4213,2/26/25
971,1162,5/27/25
1429,4541,6/13/25
505,415,4/20/25
1800,2119,7/17/25
1057,5375,3/14/25
334,5626,1/21/25
1884,2273,1/30/25
1210,4093,9/29/24
1015,4606,3/13/25
183,2933,12/6/24
139,2244,11/18/24
808,823,10/25/24
904,871,8/11/24
1311,3371,11/2/24
1002,3398,2/14/25
1285,5530,5/19/25
1692,5925,10/21/24
458,869,8/4/25
1022,2973,12/20/24
1353,4461,1/31/25
208,1956,2/20/25
414,4916,4/14/25
979,4770,2/19/25
1417,945,5/14/25
377,4129,3/10/25
1035,3070,8/4/25
1220,5981,10/2/24
1092,5636,11/1/24
1878,2187,10/10/24
1122,4441,7/5/25
1160,1584,6/3/25
1378,5646,12/19/24
887,2254,12/23/24
242,3353,9/14/24
1523,476,2/3/25
768,3795,2/1/25
34,792,5/3/25
1845,3893,9/8/24
1958,3918,11/3/24
436,3852,5/19/25
934,549,2/24/25
120,1132,10/12/24
1809,2814,8/18/24
659,1831,7/15/25
1234,4315,1/11/25
990,2718,5/11/25
1015,5768,9/22/24
748,4624,9/19/24
1173,4249,9/12/24
1797,1725,8/8/25
362,1305,11/21/24
51,5141,5/8/25
724,1299,12/24/24
471,5150,8/9/25
362,4467,1/11/25
1840,4955,4/19/25
1704,6009,10/6/24
1261,2502,10/9/24
90,3340,6/3/25
385,3013,11/23/24
193,1418,8/1/25
722,5543,8/21/24
1389,3359,3/25/25
1847,4284,2/6/25
951,3202,4/5/25
395,1373,8/5/25
1734,701,9/23/24
1263,2708,4/5/25
284,762,3/13/25
1384,5422,11/3/24
64,328,10/18/24
980,1076,10/6/24
685,4359,1/18/25
486,3732,2/8/25
1606,449,1/10/25
108,5154,9/7/24
1249,3890,1/8/25
1675,5060,7/13/25
1106,3930,3/30/25
18,6043,9/27/24
871,1406,2/13/25
457,1868,4/15/25
1735,4343,6/30/25
1843,5644,10/8/24
1985,1188,4/18/25
1512,5559,9/12/24
1689,5900,11/29/24
27,2429,7/31/25
101,4053,2/3/25
792,4022,8/6/25
609,4172,1/25/25
16,3339,6/12/25
1235,4164,1/11/25
999,3494,3/14/25
919,3119,3/9/25
1420,2472,1/5/25
1366,4252,5/6/25
439,1126,9/5/24
771,2727,5/4/25
748,1118,5/31/25
1444,3385,9/30/24
377,4522,10/26/24
1844,3336,11/6/24
1438,374,6/29/25
1531,868,4/12/25
594,5022,12/14/24
1568,5998,8/29/24
1984,1233,9/29/24
1513,3394,5/4/25
360,958,7/14/25
87,139,3/1/25
457,3227,4/29/25
1238,833,9/11/24
1312,4915,6/26/25
475,5019,11/23/24
241,5424,4/5/25
155,11,9/29/24
1114,3109,8/5/25
186,2110,12/22/24
1571,1878,11/16/24
148,539,6/3/25
1574,578,1/4/25
1004,1134,1/28/25
418,1156,3/12/25
561,1057,1/10/25
931,88,6/7/25
79,3452,2/16/25
1,4682,1/2/25
221,5747,11/11/24
325,1830,1/6/25
1193,3897,8/7/25
227,5510,1/9/25
648,3276,5/23/25
614,4640,4/7/25
663,742,2/12/25
917,1204,5/1/25
1347,2271,2/2/25
276,4803,1/22/25
1104,5853,10/23/24
808,2585,8/26/24
853,5731,7/31/25
1896,5833,8/29/24
590,147,6/25/25
555,6179,6/15/25
1154,5335,9/26/24
135,6034,1/4/25
73,2733,7/22/25
1195,5563,8/30/24
280,4337,3/2/25
1548,4559,8/2/25
1389,3633,4/23/25
460,408,5/21/25
835,3053,8/23/24
1105,3979,3/11/25
1008,4331,2/14/25
448,557,5/18/25
1199,6118,12/11/24
1873,2796,8/14/24
57,6179,5/11/25
1228,4166,10/26/24
1901,2413,8/8/25
46,3617,6/26/25
30,2070,4/2/25
804,1149,6/25/25
1948,2041,9/28/24
777,3534,11/23/24
834,226,2/13/25
632,2928,12/9/24
350,3343,12/27/24
1531,4195,9/24/24
403,6100,5/22/25
860,4224,12/13/24
551,953,10/19/24
1501,3692,12/1/24
1937,2413,5/22/25
1384,4930,4/20/25
1570,266,2/18/25
7,2758,9/28/24
1373,20,3/1/25
1649,4245,7/21/25
1854,593,11/1/24
751,5088,12/13/24
1781,4815,6/16/25
400,3264,6/2/25
393,3975,1/18/25
820,1466,3/6/25
1232,2121,11/28/24
548,5180,1/6/25
1804,4474,3/25/25
999,3788,1/31/25
1283,3454,9/13/24
859,3826,2/18/25
1635,5748,5/23/25
233,2539,10/25/24
1555,2239,9/13/24
288,2495,2/12/25
580,569,10/15/24
1178,561,2/26/25
1469,243,7/24/25
820,2300,11/22/24
69,1271,9/8/24
1068,6201,9/3/24
1072,2128,7/25/25
259,5311,1/31/25
941,4709,11/23/24
1210,4624,1/29/25
415,2646,6/5/25
974,3502,1/21/25
276,2499,4/17/25
537,3174,2/16/25
705,408,11/15/24
1032,1058,2/11/25
99,1182,7/6/25
1561,2013,9/10/24
1038,791,11/6/24
1806,5732,4/12/25
1722,2497,6/11/25
977,3766,11/14/24
947,3218,9/4/24
562,1120,3/31/25
1237,1250,4/12/25
636,3910,10/1/24
526,4222,5/22/25
1798,4508,12/10/24
219,323,10/21/24
1003,2046,5/29/25
1644,5952,1/9/25
537,4785,3/2/25
428,3791,4/24/25
1676,3600,4/18/25
1194,6180,12/27/24
1689,4007,5/1/25
603,694,6/15/25
299,3591,9/9/24
1744,5871,4/25/25
1892,4362,8/26/24
616,2249,4/17/25
1043,4700,10/19/24
1452,444,8/23/24
610,3502,11/19/24
59,1205,11/10/24
890,1540,11/2/24
431,874,1/11/25
1642,1568,12/9/24
1583,4829,10/3/24
33,852,3/12/25
909,4288,6/21/25
1038,3492,12/16/24
711,1646,1/29/25
992,758,2/21/25
1822,1577,8/29/24
272,5907,3/11/25
299,3585,8/7/25
1683,5313,2/7/25
1963,1018,2/19/25
1973,2290,11/14/24
25,3381,11/26/24
936,4795,3/29/25
1328,1319,7/24/25
314,3656,12/31/24
1750,485,6/25/25
1482,5215,1/12/25
548,163,5/18/25
507,1819,1/19/25
1307,1625,2/27/25
570,4247,5/3/25
376,2559,6/5/25
261,563,8/4/25
1075,5263,4/12/25
1965,1833,12/1/24
1940,533,12/10/24
1486,4990,1/2/25
824,5274,3/6/25
635,2491,1/3/25
52,3745,2/5/25
89,4065,2/7/25
312,1024,8/5/25
457,1465,6/21/25
1538,3866,1/3/25
870,2446,3/10/25
1196,273,5/12/25
1717,4405,6/19/25
1987,5395,8/30/24
1454,2054,2/13/25
1694,885,2/19/25
1291,3460,5/25/25
1631,1521,10/6/24
1341,2753,7/20/25
1103,1256,3/29/25
453,5737,10/23/24
324,5497,8/30/24
1245,5009,4/23/25
1637,1070,8/26/24
669,1459,1/15/25
1294,2544,8/29/24
597,2273,10/19/24
203,3165,7/26/25
1741,5088,2/18/25
1537,5665,2/19/25
763,498,4/10/25
747,3609,5/21/25
239,4358,6/16/25
355,1721,3/11/25
1999,5990,10/28/24
1229,1547,8/25/24
693,4369,7/24/25
142,179,12/9/24
1889,6032,4/8/25
1823,1368,7/30/25
1602,1771,6/9/25
297,1453,10/30/24
1894,5688,9/16/24
1692,4050,5/6/25
1603,1054,3/20/25
1214,4618,9/27/24
531,6050,8/26/24
548,3727,9/30/24
1129,2364,4/5/25
1379,2413,10/17/24
1859,5100,6/26/25
1027,2825,4/22/25
1072,5525,8/16/24
1281,2911,12/6/24
1848,3642,12/26/24
427,2806,11/14/24
1120,4755,11/9/24
803,1833,1/3/25
387,1396,12/20/24
215,844,5/1/25
321,2052,8/31/24
483,3985,1/1/25
2,1363,5/1/25
467,5306,8/7/25
1355,4473,2/1/25
621,3597,6/11/25
1217,1023,6/2/25
789,2131,8/18/24
1346,3715,2/11/25
1052,2442,5/25/25
1347,1190,3/18/25
1744,5117,11/13/24
1054,4438,6/6/25
330,1426,12/2/24
1162,8,9/17/24
1488,4661,7/24/25
669,1251,7/21/25
1613,1922,5/2/25
1424,1751,7/3/25
1298,492,6/27/25
1806,3974,3/31/25
62,2157,7/9/25
182,307,12/15/24
1868,1264,1/31/25
998,2861,5/12/25
863,2778,1/17/25
116,3186,12/3/24
900,3699,6/15/25
353,3316,4/18/25
1492,2810,6/29/25
1199,3265,1/18/25
235,2991,2/4/25
1511,2558,12/10/24
436,651,8/31/24
1775,4781,5/6/25
910,2661,2/3/25
1095,2111,6/29/25
567,2706,9/2/24
173,3265,6/27/25
486,206,12/9/24
1940,5392,4/6/25
1391,3146,3/19/25
23,3141,7/2/25
433,2035,1/23/25
617,98,6/29/25
535,4902,6/19/25
1917,261,3/10/25
772,4774,8/7/25
1163,4961,9/7/24
1475,897,7/14/25
972,190,9/18/24
754,1392,4/8/25
1492,5479,7/23/25
814,1176,4/11/25
1788,2993,5/23/25
307,1527,8/3/25
1654,5339,11/22/24
474,5110,7/20/25
685,6146,2/8/25
398,1514,10/17/24
399,568,7/12/25
1487,4537,5/22/25
721,4441,11/21/24
1936,5030,6/1/25
282,5739,8/12/24
1182,2857,3/14/25
1116,302,3/13/25
1910,497,9/8/24
1771,6155,3/17/25
1344,1153,7/31/25
333,5753,4/19/25
1013,2597,11/9/24
1740,1801,7/17/25
1562,661,10/21/24
1276,2468,9/29/24
1489,5876,6/20/25
1385,4098,4/14/25
755,869,4/19/25
781,4768,2/9/25
1736,5362,3/1/25
1354,5012,6/12/25
216,5346,12/2/24
1791,1048,8/11/24
1646,4191,8/9/25
1904,4609,6/2/25
53,3306,11/26/24
1090,5881,3/16/25
55,292,12/16/24
1616,314,1/21/25
876,3059,7/2/25
276,2352,11/20/24
27,3774,3/19/25
1323,2784,11/10/24
492,4653,6/17/25
686,3581,4/26/25
1568,3168,4/25/25
704,4639,10/30/24
1768,4364,11/11/24
1134,5086,9/18/24
806,3516,5/30/25
1191,1817,4/2/25
463,3248,5/16/25
1093,4910,5/17/25
1889,6167,3/18/25
288,145,1/31/25
1057,2916,11/29/24
1458,2395,10/4/24
336,1748,11/28/24
1782,1151,3/21/25
1147,31,10/21/24
1899,3980,7/10/25
268,2921,8/20/24
1053,2505,1/17/25
1529,2927,4/17/25
1494,3508,5/13/25
1313,1833,1/21/25
472,2403,4/12/25
1042,4104,1/14/25
268,3894,2/23/25
1643,3580,11/26/24
1203,649,7/19/25
806,4316,1/11/25
1186,4102,12/11/24
1882,1077,6/4/25
762,3301,4/4/25
191,659,8/19/24
618,3129,2/15/25
1370,5354,3/20/25
1599,2480,12/23/24
1531,3935,4/19/25
1471,5540,6/9/25
854,4837,3/30/25
1495,6194,3/22/25
1456,5396,3/12/25
323,3636,6/13/25
91,4793,1/28/25
611,1445,5/27/25
1509,5072,7/15/25
1328,1335,12/5/24
1594,5282,9/13/24
375,1874,3/15/25
105,1121,12/1/24
300,4461,4/17/25
804,97,8/9/25
607,1463,3/17/25
1987,4476,8/28/24
1463,1280,4/13/25
452,5874,7/19/25
1949,3588,4/10/25
907,3943,6/20/25
1413,5977,8/3/25
220,5129,10/9/24
1882,3858,1/22/25
1143,6074,7/7/25
1416,1118,8/27/24
165,4926,12/31/24
464,3724,3/12/25
233,808,6/25/25
398,5362,12/2/24
468,6035,8/18/24
1208,1313,4/19/25
1006,1145,6/16/25
1921,4637,9/9/24
23,541,8/8/25
1856,356,9/21/24
1000,164,3/20/25
1473,650,12/2/24
696,493,4/26/25
1181,4623,11/22/24
1407,2470,5/28/25
463,5218,3/6/25
1,827,5/28/25
423,3054,5/18/25
1068,633,2/24/25
353,1119,12/26/24
429,394,8/28/24
1541,4891,10/7/24
849,5485,4/24/25
89,5917,7/9/25
567,5336,7/4/25
147,1983,10/18/24
1441,1517,1/8/25
507,1406,1/14/25
1186,29,4/30/25
931,2523,10/3/24
1078,530,10/27/24
726,2035,6/30/25
1431,3624,5/31/25
1362,4236,7/1/25
230,5333,7/2/25
1382,4386,9/25/24
1714,2776,2/11/25
1444,3814,6/3/25
1445,4891,8/21/24
961,3511,1/9/25
1627,579,8/13/24
327,1215,11/9/24
1253,2434,4/8/25
1923,5407,4/24/25
1171,963,12/1/24
1087,949,7/1/25
558,1958,1/3/25
542,3125,11/21/24
1726,24,5/17/25
754,481,4/27/25
836,5574,2/13/25
566,1563,6/12/25
1068,3950,2/2/25
1231,3638,5/23/25
580,5747,7/7/25
671,3194,5/9/25
573,5058,9/3/24
77,4085,10/27/24
1664,4970,5/16/25
393,59,7/15/25
433,5071,10/24/24
262,61,3/24/25
1186,6171,8/16/24
1294,4202,10/16/24
1340,6238,12/18/24
1563,3143,9/2/24
55,3578,8/10/24
1150,1674,9/13/24
1770,294,11/20/24
71,556,6/3/25
536,4337,4/23/25
993,4902,11/11/24
385,2488,7/3/25
1508,5044,10/26/24
796,1457,6/29/25
340,2332,1/30/25
780,5322,4/6/25
519,3376,8/12/24
1487,2334,5/21/25
1217,2239,4/4/25
1166,2330,5/15/25
1201,2800,3/6/25
350,4931,12/10/24
1607,2818,12/2/24
159,2724,11/7/24
808,644,6/22/25
925,5468,4/17/25
564,4874,10/2/24
512,5786,8/11/24
1531,1464,6/18/25
451,6061,5/1/25
772,1096,11/17/24
368,5437,5/27/25
1948,2948,8/5/25
324,335,2/13/25
799,1333,6/8/25
1133,4933,9/3/24
677,3813,7/15/25
1085,5886,3/11/25
1655,509,2/6/25
1075,1257,4/30/25
276,3725,7/15/25
195,5921,5/10/25
1701,5090,5/14/25
1937,3455,5/29/25
1144,750,6/6/25
1236,3432,7/10/25
1356,3348,12/22/24
1007,4880,6/2/25
1903,812,7/28/25
1577,3411,4/23/25
1274,3162,8/6/25
454,5185,10/6/24
513,54,10/5/24
1721,4648,5/10/25
1850,5630,4/12/25
916,3804,12/15/24
940,5099,12/31/24
1827,1403,8/26/24
366,89,11/15/24
331,6012,2/21/25
201,5120,12/22/24
710,4149,11/7/24
25,1629,2/6/25
4,4937,9/1/24
556,3286,6/7/25
1370,2421,5/19/25
758,1858,7/1/25
1647,4288,4/23/25
1890,3954,1/15/25
1436,1583,2/19/25
1887,5210,1/23/25
926,3757,1/14/25
1391,4489,7/30/25
1611,710,10/14/24
1519,5286,1/6/25
167,2766,4/4/25
1667,3115,2/3/25
1728,1651,10/29/24
1180,4491,7/9/25
1109,5896,1/18/25
38,6186,4/18/25
197,2180,8/1/25
1698,2438,8/19/24
951,3804,9/9/24
1913,2027,11/4/24
1047,4552,7/4/25
907,699,9/2/24
545,4770,12/7/24
335,1794,7/19/25
1196,1002,2/11/25
670,4851,7/17/25
577,6101,4/15/25
128,957,3/4/25
146,781,12/1/24
1187,673,8/16/24
1784,4432,1/4/25
994,769,12/25/24
791,709,9/30/24
1868,4809,11/3/24
1219,1861,9/3/24
1311,648,4/19/25
709,4936,12/7/24
118,2770,10/3/24
1909,2342,8/28/24
265,3039,6/1/25
1075,4110,3/2/25
712,6210,9/29/24
1359,467,1/16/25
1917,798,1/21/25
1566,4038,9/19/24
218,305,5/22/25
1666,5042,3/13/25
1784,376,9/14/24
1838,673,1/17/25
830,2905,9/16/24
500,378,5/6/25
190,5682,7/28/25
403,2872,7/31/25
1348,5696,1/16/25
116,3579,5/28/25
463,5112,1/30/25
939,4092,3/6/25
3,5938,2/21/25
617,3916,5/9/25
37,3943,10/18/24
1330,3364,6/13/25
1222,2756,10/16/24
648,726,5/11/25
1888,1164,3/13/25
813,3494,6/5/25
1171,2306,6/24/25
875,3446,3/4/25
1414,826,5/25/25
1981,2213,12/22/24
877,3035,8/15/24
897,1310,2/2/25
743,5325,3/18/25
1253,4136,3/7/25
535,5579,6/26/25
158,5956,10/13/24
1993,938,3/29/25
1632,1596,10/5/24
1118,2759,9/23/24
374,4722,10/3/24
494,5198,3/12/25
1872,1385,7/5/25
1549,1081,5/2/25
1369,3729,4/11/25
174,1961,3/1/25
837,1574,7/5/25
1866,76,4/5/25
762,3428,11/5/24
1265,2216,12/17/24
495,1132,7/21/25
1750,584,3/6/25
191,897,12/16/24
1526,4309,8/3/25
112,4251,4/2/25
1558,1000,1/4/25
367,2303,8/6/25
979,6240,7/22/25
731,1963,5/11/25
239,4875,12/29/24
622,3565,3/4/25
682,3892,4/20/25
791,4599,9/4/24
1266,4746,7/14/25
1333,1830,1/30/25
1643,684,8/21/24
1358,3478,7/18/25
914,3973,7/20/25
756,3994,4/1/25
167,94,2/15/25
255,2853,2/5/25
1562,994,6/9/25
1018,2592,6/3/25
1159,5896,1/20/25
1100,1607,11/22/24
908,5589,1/15/25
418,3167,8/14/24
1644,4954,2/13/25
765,1155,9/25/24
527,4630,8/14/24
834,3363,3/8/25
1328,139,11/28/24
1555,3115,2/22/25
1670,3824,5/18/25
1256,2573,8/12/24
457,1366,11/29/24
195,5969,5/27/25
342,889,12/27/24
1740,5102,6/22/25
594,1192,12/7/24
559,1030,9/17/24
1618,5746,1/1/25
1050,2215,11/5/24
1404,5264,4/9/25
1105,157,8/10/24
1270,36,8/22/24
155,4890,1/13/25
1021,5849,9/25/24
1677,1431,2/4/25
895,2536,11/9/24
1030,596,12/12/24
1556,4195,3/7/25
1753,2659,7/23/25
26,1506,1/24/25
748,5326,9/20/24
902,254,3/29/25
1004,1331,1/18/25
293,1726,6/22/25
1584,482,11/20/24
905,4512,1/9/25
1414,5206,2/6/25
1395,2997,1/28/25
1292,5722,1/4/25
1279,2700,12/11/24
1143,5334,8/28/24
1339,6124,12/11/24
744,5291,12/29/24
205,4741,8/16/24
1972,5146,1/6/25
318,3572,4/28/25
751,2254,11/4/24
466,1933,5/11/25
633,3450,9/7/24
837,2028,3/2/25
1865,1429,2/23/25
1090,150,4/9/25
897,1993,3/15/25
724,4395,3/28/25
1882,1272,6/23/25
654,4378,2/28/25
1528,3618,9/19/24
763,4372,11/15/24
1787,1629,5/27/25
1945,4845,6/13/25
230,280,4/3/25
1774,6199,5/18/25
550,4773,1/29/25
615,2789,5/15/25
18,3788,2/6/25
1180,3974,7/19/25
1913,3519,7/16/25
412,3703,9/29/24
182,417,9/16/24
370,4636,7/28/25
1322,484,2/1/25
1194,1946,3/9/25
1166,4356,11/26/24
1043,5193,7/24/25
1733,2722,9/18/24
916,4751,10/8/24
391,1007,1/22/25
196,1098,9/5/24
83,1013,6/28/25
487,3837,11/9/24
88,4917,8/3/25
1162,5709,2/10/25
56,5652,1/19/25
1613,2324,7/30/25
1438,1064,10/26/24
506,859,3/20/25
946,4329,3/8/25
1338,4432,5/2/25
329,1383,10/14/24
700,796,9/9/24
566,6104,4/16/25
1333,3947,8/6/25
1199,5870,4/23/25
278,1189,1/18/25
687,5239,6/18/25
934,346,6/20/25
1589,3997,6/15/25
1417,1600,5/10/25
1928,3165,9/7/24
1438,4077,4/16/25
1284,1859,12/17/24
807,5574,11/11/24
271,3996,6/27/25
176,5401,3/21/25
1691,2052,6/12/25
1410,2380,9/24/24
1726,144,2/22/25
1370,1679,1/2/25
503,2649,10/17/24
1761,3496,8/7/25
1886,1914,4/3/25
1483,2911,12/28/24
893,3113,4/27/25
400,6166,12/22/24
687,2186,9/17/24
1767,2268,5/7/25
1473,1647,1/25/25
46,2319,1/4/25
128,2627,8/27/24
1892,4094,9/8/24
551,5846,4/20/25
97,908,12/24/24
1427,4595,7/11/25
558,5863,9/7/24
1237,1400,12/24/24
1263,5442,1/25/25
1070,3006,2/6/25
668,5619,7/4/25
1421,365,1/26/25
1758,6145,7/15/25
582,6174,3/25/25
1699,5371,12/25/24
25,4901,2/8/25
1603,3536,3/11/25
104,4139,10/14/24
1031,3623,12/18/24
1008,4140,10/10/24
535,3209,12/29/24
1275,5082,9/18/24
1264,1650,2/23/25
719,1167,5/20/25
379,2756,11/9/24
1551,5927,4/4/25
1477,4772,6/12/25
569,3475,4/12/25
561,1625,12/26/24
1081,6162,11/26/24
50,2151,10/28/24
125,5780,3/16/25
1665,1153,7/30/25
1180,1558,10/17/24
171,1328,9/26/24
1153,1854,6/1/25
1588,4402,12/27/24
1958,4014,4/4/25
218,2361,4/5/25
169,3562,9/16/24
1363,1988,6/29/25
394,3786,6/17/25
781,1339,11/6/24
1057,1307,6/7/25
1478,1477,8/9/25
1180,2716,4/8/25
902,941,10/29/24
149,3922,3/31/25
1907,4343,8/7/25
1740,1963,4/6/25
1296,4983,2/1/25
1737,2324,8/14/24
670,3869,8/11/24
214,1669,6/19/25
179,581,2/15/25
1450,6077,6/8/25
371,1904,4/8/25
1542,4608,5/12/25
436,6033,1/17/25
1484,530,10/25/24
209,4201,8/20/24
681,851,4/5/25
519,350,1/16/25
1458,1046,10/2/24
320,5054,6/21/25
953,5747,4/17/25
1977,3534,11/7/24
376,5147,8/1/25
849,757,7/22/25
265,6190,6/11/25
1363,1401,11/24/24
803,3951,7/4/25
1865,1593,4/26/25
54,398,6/2/25
1484,5502,10/12/24
983,3452,1/25/25
1633,4821,12/1/24
1626,4904,10/6/24
568,1135,11/4/24
318,465,9/22/24
1634,5254,4/11/25
1283,5044,6/11/25
340,1421,12/31/24
1586,1541,12/28/24
1846,1602,2/13/25
1280,78,4/30/25
928,2392,11/3/24
158,4573,4/12/25
1022,302,9/20/24
1250,3417,2/2/25
1244,2253,3/9/25
1284,3996,6/27/25
662,5588,9/25/24
1053,5889,3/13/25
1151,4995,1/16/25
126,41,12/30/24
691,1054,9/23/24
330,6131,9/21/24
1982,5071,9/12/24
1812,5166,1/6/25
227,3447,10/14/24
323,2190,7/29/25
883,1824,1/27/25
590,5170,9/15/24
948,294,8/5/25
117,1161,5/17/25
1724,3179,9/9/24
1158,1329,8/19/24
991,1504,10/22/24
1910,4900,12/4/24
522,3838,5/6/25
1662,6025,11/23/24
294,4291,1/10/25
1879,388,2/7/25
1627,701,2/22/25
889,2358,5/30/25
312,4574,10/7/24
743,1456,7/26/25
1581,4766,9/8/24
1096,4022,1/17/25
475,3170,7/10/25
1285,4456,11/26/24
738,5641,4/10/25
1844,6074,1/14/25
635,2309,2/27/25
1402,2648,11/21/24
1236,1770,1/25/25
1230,3993,4/27/25
1206,6214,6/20/25
1420,4768,3/29/25
1339,3926,12/19/24
1722,2164,9/17/24
273,1942,10/30/24
1361,497,6/22/25
1104,5118,11/28/24
640,6172,6/26/25
1659,4871,8/30/24
642,6188,3/2/25
442,1873,5/10/25
874,1235,1/17/25
1150,1030,7/22/25
1364,2407,8/26/24
1646,137,12/5/24
1191,784,8/13/24
202,984,1/21/25
1194,1466,7/5/25
595,3684,12/27/24
131,5817,3/11/25
992,5430,1/28/25
953,2726,12/29/24
186,2245,4/20/25
1178,5171,6/26/25
1615,2972,10/2/24
47,3775,11/21/24
698,4498,7/20/25
1096,1229,8/3/25
697,6096,3/17/25
1076,5336,10/27/24
1833,1981,4/11/25
1696,5763,11/28/24
148,4380,5/15/25
94,5312,6/3/25
1725,5138,6/24/25
1652,1340,12/4/24
1459,481,9/24/24
1987,3941,11/29/24
1615,3960,12/27/24
760,2553,7/4/25
1140,5797,2/2/25
149,4884,8/7/25
1494,203,5/16/25
350,2059,12/13/24
1400,4128,11/1/24
361,4126,4/18/25
937,1652,1/18/25
574,5304,2/7/25
975,1538,4/16/25
1453,2743,1/20/25
35,1201,4/11/25
1652,2134,8/28/24
734,243,2/11/25
553,1530,5/4/25
467,2640,10/16/24
776,2947,3/7/25
912,32,1/19/25
241,3374,7/16/25
500,5804,2/11/25
1274,1390,5/25/25
481,3895,12/2/24
120,3372,2/5/25
1373,3590,1/2/25
1748,2231,4/26/25
607,1172,12/17/24
1673,2197,11/13/24
1359,4437,4/10/25
1694,5332,3/12/25
1830,3694,11/13/24
1353,279,8/13/24
720,2665,10/14/24
1763,293,7/21/25
342,3161,10/28/24
725,28,1/27/25
1579,5613,3/24/25
953,3396,10/8/24
987,427,6/24/25
1319,5133,8/14/24
1442,4115,9/2/24
1268,3839,4/11/25
1264,5716,8/3/25
1079,5417,6/27/25
840,458,9/15/24
1492,1399,12/18/24
269,1721,8/9/25
1749,539,1/14/25
1442,2855,8/27/24
1240,3768,2/7/25
842,2483,11/13/24
1507,3582,1/5/25
1283,1061,6/9/25
1721,2322,4/24/25
35,436,9/21/24
534,2520,9/7/24
851,590,7/25/25
236,4368,9/15/24
580,3922,8/8/25
219,4103,9/18/24
1930,4586,1/7/25
1889,5114,2/23/25
420,2135,11/20/24
945,2147,7/8/25
913,4716,6/1/25
1428,4323,1/17/25
1421,2323,7/23/25
669,3188,4/19/25
1532,954,5/8/25
54,4937,9/14/24
1550,4674,4/23/25
295,4987,6/7/25
564,5667,10/29/24
1276,509,1/5/25
1309,617,3/1/25
506,6229,11/5/24
95,680,3/20/25
1917,5561,6/5/25
505,3492,1/13/25
1276,111,5/9/25
700,93,11/20/24
1150,4006,5/10/25
1425,5573,11/19/24
350,1923,11/15/24
1600,808,10/19/24
1500,4977,5/23/25
200,6164,3/6/25
1046,5822,6/23/25
1774,1436,2/4/25
1528,4302,5/31/25
1932,5616,12/25/24
1039,1627,8/28/24
1090,1211,1/18/25
188,3467,8/29/24
56,2037,7/1/25
971,5471,12/18/24
1949,4932,5/2/25
974,3772,10/29/24
338,2109,11/13/24
1676,4350,11/27/24
1104,1044,1/12/25
1833,3193,4/26/25
390,1793,3/19/25
1825,1991,5/22/25
476,845,9/2/24
1388,3120,2/6/25
1032,3732,2/27/25
811,1585,11/18/24
404,395,3/13/25
1083,3717,2/7/25
1028,2023,12/8/24
1126,2995,12/9/24
1560,961,10/7/24
1543,2948,1/16/25
1411,5637,10/11/24
471,2325,9/14/24
1342,3736,5/11/25
1251,380,1/6/25
1330,3575,10/25/24
904,333,6/17/25
1715,3505,8/26/24
1416,1678,6/6/25
1618,3037,8/20/24
516,1404,12/11/24
1945,5039,3/21/25
410,1033,6/21/25
464,775,7/9/25
1663,1028,3/1/25
1178,3368,6/3/25
658,5584,9/6/24
587,3279,4/27/25
240,3433,11/19/24
1460,470,3/24/25
124,4624,9/23/24
289,4161,8/16/24
1701,1110,6/14/25
554,2993,8/2/25
251,6178,4/29/25
1394,5140,1/21/25
784,2057,2/11/25
829,4792,10/20/24
791,2725,6/16/25
1461,2851,4/26/25
698,3541,1/6/25
1563,5623,7/2/25
1557,2637,9/25/24
233,3191,1/30/25
5,5705,7/9/25
855,2409,1/28/25
964,286,12/10/24
217,3936,6/15/25
1321,765,6/22/25
1283,593,12/9/24
881,4535,2/15/25
502,5339,12/29/24
725,3050,3/4/25
1531,4123,4/22/25
1355,4031,10/21/24
1732,3633,4/19/25
580,5025,9/11/24
195,2648,8/29/24
322,628,10/31/24
1807,5725,5/14/25
1734,4842,3/2/25
1929,3059,11/17/24
730,1934,8/24/24
907,3357,6/23/25
479,1879,2/11/25
463,1140,5/24/25
34,3088,1/8/25
450,3761,3/11/25
892,1796,12/4/24
982,1574,1/2/25
1477,1822,3/1/25
814,4769,5/22/25
940,3448,6/30/25
781,2705,6/29/25
545,4024,10/20/24
1168,3274,6/18/25
1077,724,8/5/25
1927,3709,7/21/25
232,3733,11/12/24
1899,682,3/7/25
1372,2963,10/22/24
134,6219,4/6/25
161,1312,4/8/25
1468,4731,3/10/25
598,4603,6/20/25
823,3595,12/5/24
1894,866,4/23/25
298,2623,4/21/25
1481,562,11/6/24
1513,1682,3/19/25
1635,2813,8/23/24
1933,2111,9/7/24
1473,1880,7/21/25
395,5776,7/5/25
600,3821,7/17/25
848,4439,8/6/25
1803,1972,12/9/24
1196,1046,11/26/24
492,2116,6/3/25
1525,189,11/13/24
497,5090,11/1/24
65,1070,7/22/25
1115,4062,3/29/25
1599,3808,12/15/24
452,4294,1/7/25
1986,4835,6/24/25
1849,5892,8/31/24
1535,6010,3/12/25
422,5087,9/23/24
1364,2895,5/4/25
1348,4759,6/19/25
367,2367,1/28/25
302,3962,10/26/24
1269,2871,1/22/25
389,4388,6/28/25
134,2296,3/19/25
791,2410,10/16/24
1283,126,11/14/24
1358,3372,10/16/24
1738,3432,9/24/24
778,920,3/3/25
1105,2282,10/29/24
875,5230,3/2/25
908,2731,11/7/24
1666,4855,5/12/25
1667,5637,1/10/25
1705,1437,3/10/25
826,2622,6/22/25
1785,4286,2/27/25
1945,985,6/7/25
1524,6203,10/13/24
318,3164,1/9/25
1179,3140,7/7/25
706,4266,11/11/24
13,1026,5/13/25
1352,4627,11/30/24
1115,1956,1/22/25
313,103,1/11/25
81,3729,12/16/24
1838,4260,7/28/25
1858,1585,12/24/24
1378,5003,12/22/24
15,3042,4/8/25
755,2787,5/21/25
215,2684,4/3/25
100,1836,8/1/25
1475,5911,6/9/25
457,328,1/10/25
383,37,8/13/24
985,1619,6/14/25
1211,2143,6/29/25
1335,1939,7/20/25
1726,4277,3/25/25
1919,5611,6/5/25
390,999,2/26/25
1769,2768,11/27/24
838,3890,9/23/24
737,5857,12/11/24
825,1172,12/8/24
429,3722,10/24/24
789,5259,2/8/25
933,5720,5/21/25
663,2910,5/11/25
727,1852,12/28/24
1723,2831,10/2/24
1818,122,4/22/25
882,2363,4/10/25
1667,2369,11/11/24
1112,5792,4/5/25
459,5661,7/14/25
242,3738,3/13/25
382,4603,9/19/24
598,5346,2/27/25
79,782,11/22/24
410,5587,8/1/25
602,2786,9/10/24
1091,2667,12/18/24
1417,4310,6/26/25
953,4936,10/3/24
97,5696,9/15/24
1495,3301,6/16/25
381,2869,5/20/25
968,820,10/19/24
1964,4208,7/7/25
1398,4815,12/20/24
1475,3959,7/21/25
1824,5254,11/7/24
1022,3385,12/14/24
305,5024,6/9/25
1982,592,4/9/25
1648,693,7/27/25
1264,3963,10/2/24
142,5489,4/8/25
1955,2242,8/2/25
1790,152,9/25/24
1840,2966,2/26/25
1796,5549,8/23/24
512,201,12/2/24
1429,1719,5/29/25
1672,3926,6/29/25
605,1244,4/3/25
346,3104,6/27/25
912,109,10/7/24
264,3543,3/2/25
68,3163,12/27/24
129,2109,6/23/25
1153,4456,7/3/25
1739,394,8/7/25
873,4799,8/23/24
1697,3260,9/30/24
1894,5403,2/8/25
1464,4758,5/1/25
1624,60,5/17/25
577,3009,12/17/24
258,782,5/18/25
1772,3345,1/11/25
980,90,12/23/24
1562,4683,7/29/25
230,6005,11/26/24
632,5177,10/5/24
1517,1439,9/11/24
877,5461,5/2/25
365,443,1/2/25
70,2932,5/17/25
774,3348,6/10/25
471,5649,3/10/25
573,4517,2/13/25
776,2482,5/7/25
1049,306,7/19/25
1510,5319,3/20/25
586,5219,6/13/25
975,2639,1/10/25
1941,1172,3/17/25
526,5704,7/26/25
1703,3106,9/27/24
1470,935,5/25/25
1987,2816,12/25/24
1555,5590,4/28/25
509,4195,5/12/25
326,4687,10/8/24
1593,73,10/31/24
1716,330,2/22/25
810,5882,5/6/25
559,5146,5/6/25
682,6196,7/21/25
1048,5713,1/12/25
1473,4990,7/14/25
581,5479,10/20/24
27,5990,5/19/25
1010,3076,6/7/25
1166,3345,1/8/25
1102,5805,10/3/24
894,3373,12/23/24
934,3540,5/30/25
75,1167,12/9/24
1584,5230,11/7/24
579,4618,3/18/25
228,537,8/22/24
1869,2315,4/20/25
549,4362,9/2/24
1694,2090,4/16/25
1295,1895,4/24/25
1738,3945,11/26/24
969,453,2/4/25
690,5528,6/4/25
171,4670,10/7/24
612,639,1/1/25
875,2777,4/1/25
974,4436,10/18/24
1789,469,9/29/24
820,2007,11/26/24
770,5551,8/31/24
272,2817,3/12/25
592,3916,1/24/25
1831,6126,12/14/24
890,4926,11/14/24
1334,4048,12/30/24
60,1198,7/18/25
47,311,6/10/25
1829,5307,10/16/24
1791,1075,4/21/25
291,1676,2/27/25
7,3479,1/29/25
840,4562,11/28/24
1792,2978,2/4/25
1254,560,3/22/25
1998,3813,11/23/24
547,4128,10/5/24
1453,4634,4/17/25
411,1248,7/18/25
1415,1931,1/14/25
92,4379,3/25/25
1559,4326,2/27/25
1467,5068,10/18/24
684,474,9/3/24
1236,3743,10/30/24
1345,5423,6/29/25
1043,1924,11/18/24
758,3610,2/26/25
1864,2417,7/17/25
1225,5941,4/22/25
66,2284,12/26/24
868,6045,3/6/25
349,4073,12/12/24
501,119,4/18/25
1225,4392,10/12/24
716,535,4/26/25
1935,2920,2/23/25
1977,6147,1/7/25
1471,2899,12/9/24
1480,579,10/9/24
279,2617,10/12/24
1357,3684,11/7/24
1534,1635,3/22/25
694,5109,2/14/25
1804,5756,3/17/25
1941,28,5/3/25
519,2167,9/29/24
1240,770,5/20/25
951,180,10/4/24
1655,85,12/17/24
1882,4476,11/26/24
1854,1086,10/11/24
720,2063,8/3/25
565,5539,11/24/24
453,1776,3/25/25
244,1110,7/16/25
138,3040,11/20/24
845,6001,5/25/25
305,4466,11/4/24
879,721,11/10/24
373,5936,11/25/24
1957,2142,7/19/25
281,6188,8/2/25
744,761,7/17/25
1102,5202,3/1/25
776,661,8/21/24
1785,530,2/23/25
1796,816,1/29/25
1959,1782,10/3/24
926,4889,7/20/25
1110,3842,6/14/25
1699,5956,10/27/24
935,4868,1/9/25
1513,4454,4/18/25
859,5415,7/6/25
1173,370,8/9/25
1726,2712,10/8/24
1224,4367,3/24/25
696,5455,5/13/25
1986,1475,6/4/25
992,2470,9/1/24
1139,2515,1/24/25
915,4092,10/12/24
1850,5714,12/21/24
808,3076,3/13/25
1222,5201,11/26/24
1533,3262,10/30/24
847,2989,3/15/25
854,5452,8/19/24
682,3832,6/11/25
1863,2969,2/27/25
798,4645,12/17/24
1038,1126,8/11/24
1223,2448,3/10/25
833,6034,5/11/25
1237,1989,3/6/25
1044,1735,3/17/25
1936,4664,12/9/24
969,2144,3/4/25
880,3591,7/14/25
802,2962,9/20/24
503,3188,3/28/25
1974,1124,2/5/25
271,3534,4/6/25
276,3264,1/16/25
868,5443,8/1/25
1102,2276,1/24/25
534,2539,6/9/25
644,1972,9/17/24
1959,3159,12/1/24
784,3648,10/21/24
1704,1291,9/12/24
1352,3901,6/9/25
1926,2799,3/22/25
6,4163,7/17/25
1371,4075,11/15/24
1270,662,12/11/24
85,652,7/3/25
628,2745,6/8/25
748,4621,2/23/25
1855,4145,12/2/24
259,2215,7/7/25
1761,6072,9/11/24
1940,3118,6/18/25
817,4048,6/2/25
870,57,5/1/25
1523,463,7/24/25
393,5171,10/22/24
1969,3188,2/4/25
1472,4654,10/8/24
1760,3821,1/22/25
1473,5620,5/26/25
239,4530,9/19/24
1877,99,6/24/25
66,2488,7/8/25
741,3075,11/15/24
1175,5833,1/1/25
1843,3185,10/19/24
1360,5240,10/14/24
1310,3738,12/1/24
1196,4873,12/9/24
716,540,7/30/25
1216,5141,10/12/24
1901,1663,7/11/25
640,888,8/15/24
1797,2659,12/6/24
1754,4050,9/1/24
1254,4922,7/21/25
21,3425,3/9/25
346,3837,7/13/25
610,5576,7/13/25
434,3983,3/10/25
1678,5980,3/23/25
538,2518,4/25/25
371,3765,12/15/24
682,3397,5/7/25
1388,2339,12/26/24
1163,4596,2/16/25
1530,1030,6/17/25
1702,2666,1/13/25
280,2788,4/12/25
1642,6056,12/2/24
886,1121,9/14/24
12,1868,7/19/25
1134,5684,9/18/24
1007,2520,6/12/25
600,244,9/14/24
906,2630,12/9/24
1613,1674,11/8/24
465,1602,3/4/25
1195,4253,10/17/24
3,1713,9/5/24
1607,6125,10/8/24
1623,2986,5/22/25
821,505,6/3/25
1025,1958,2/19/25
362,484,5/31/25
1099,5471,9/12/24
38,2198,9/29/24
1215,2550,10/5/24
899,5485,1/6/25
114,6111,11/14/24
337,2903,6/17/25
511,1328,3/13/25
317,1051,1/29/25
991,5655,9/5/24
902,3721,8/13/24
1045,6224,10/8/24
21,5417,3/13/25
487,3747,2/18/25
1018,2636,4/12/25
1953,4033,5/10/25
1404,4631,6/21/25
601,3230,8/1/25
121,873,2/18/25
642,5796,1/8/25
74,2861,11/12/24
638,4515,5/7/25
849,2928,7/2/25
913,5647,6/12/25
1553,2865,4/18/25
879,5621,12/13/24
1490,500,4/5/25
602,3923,2/22/25
1449,2373,5/16/25
1264,4193,4/10/25
256,2262,10/15/24
1257,6141,3/20/25
96,2131,5/30/25
1813,2871,3/18/25
889,1210,12/21/24
167,1481,3/6/25
1059,4240,10/2/24
227,4792,12/26/24
1851,4292,6/18/25
446,4855,2/27/25
1857,3897,6/27/25
194,3354,8/27/24
129,5068,2/2/25
606,2153,8/14/24
537,5919,8/31/24
1876,2864,10/28/24
991,3122,10/15/24
1002,6055,12/2/24
778,4672,9/21/24
896,2575,3/20/25
880,3367,7/1/25
216,6124,7/8/25
1161,499,11/26/24
500,2963,8/10/24
283,2064,10/7/24
937,2836,12/26/24
621,5998,10/6/24
322,420,5/14/25
1030,1648,3/12/25
228,1435,11/30/24
1531,4943,1/3/25
557,3195,8/13/24
675,5190,6/8/25
600,2568,10/24/24
1560,4062,12/18/24
1652,4428,6/22/25
1474,2441,7/21/25
688,900,7/30/25
1340,2231,8/27/24
1502,5672,7/31/25
662,3336,6/6/25
436,4613,11/2/24
1438,4867,4/10/25
348,554,4/24/25
424,3720,11/25/24
1843,2086,8/15/24
339,5445,2/21/25
1018,5636,6/21/25
1928,5204,5/28/25
897,5795,1/25/25
1142,2241,9/2/24
1047,3955,6/12/25
776,637,8/25/24
1671,833,11/24/24
562,6227,4/18/25
981,4300,9/11/24
1569,3013,10/19/24
405,624,3/17/25
588,682,2/20/25
282,5878,7/23/25
1965,2115,4/22/25
329,4840,7/12/25
823,1657,7/3/25
1001,3561,9/24/24
464,5126,10/18/24
1843,5206,1/29/25
1655,3469,6/13/25
413,3064,11/22/24
829,201,9/19/24
346,6085,8/2/25
1467,1068,1/15/25
462,785,4/11/25
425,2738,1/30/25
1298,6095,3/23/25
71,368,7/6/25
1936,3519,12/4/24
364,2418,10/17/24
72,4437,12/16/24
1627,4367,2/1/25
92,1550,4/5/25
85,5598,4/25/25
751,2780,10/4/24
77,5855,9/20/24
1674,2919,5/24/25
16,1792,11/21/24
532,6229,12/15/24
864,4895,5/22/25
699,6110,8/8/25
1177,846,8/10/24
1379,4999,6/12/25
583,6166,10/13/24
1942,5562,1/8/25
716,2373,2/27/25
1382,2181,10/6/24
1551,3489,4/10/25
1925,635,4/6/25
881,966,3/16/25
874,3732,12/1/24
976,3644,10/24/24
867,3319,12/14/24
833,5684,12/28/24
361,1501,1/26/25
499,1686,12/18/24
1308,5804,8/2/25
29,1098,8/27/24
915,1630,4/11/25
1933,5974,3/31/25
453,6016,5/2/25
1258,2445,12/18/24
389,2044,5/24/25
341,1499,7/7/25
596,4777,3/30/25
1939,577,3/28/25
1368,4691,5/12/25
1054,4320,3/30/25
968,3864,8/16/24
904,3548,7/20/25
1565,5065,10/3/24
486,120,12/18/24
1159,3326,3/4/25
1564,3700,1/5/25
1142,2746,11/29/24
1808,3346,4/19/25
1779,107,8/12/24
708,1755,4/9/25
680,1118,9/22/24
197,1055,11/15/24
900,1736,4/7/25
43,4298,1/21/25
1690,2691,10/30/24
1486,638,3/3/25
550,897,2/6/25
1381,5051,3/20/25
473,4603,9/23/24
1604,2657,8/29/24
1809,520,9/23/24
300,4672,10/21/24
1677,3126,8/3/25
671,4608,10/5/24
1648,1628,10/10/24
1401,2483,12/22/24
1783,5322,8/11/24
651,242,3/6/25
1785,4283,1/26/25
1197,179,2/26/25
1993,1157,9/17/24
336,5761,8/6/25
652,1048,7/17/25
1028,2553,4/6/25
1685,6100,2/6/25
473,3293,9/19/24
645,4327,8/2/25
1897,2144,9/7/24
1105,801,3/31/25
752,2958,5/20/25
246,290,12/12/24
1833,3407,3/15/25
1861,3890,8/29/24
381,4966,1/22/25
1351,3303,5/9/25
64,3932,4/20/25
601,5379,1/15/25
775,3974,2/23/25
780,1161,2/13/25
778,405,2/19/25
1858,250,6/25/25
287,4547,6/29/25
60,1125,1/11/25
1196,5345,8/23/24
922,4923,9/1/24
1586,862,7/27/25
1874,5171,3/9/25
1977,2666,6/19/25
1249,270,6/2/25
1571,3931,10/14/24
1696,3544,8/12/24
522,3293,6/2/25
170,4067,3/26/25
1766,1640,10/22/24
1688,2876,10/27/24
649,4015,8/23/24
930,5261,4/19/25
1815,3546,11/7/24
589,1287,2/7/25
908,1442,7/30/25
1039,3896,10/30/24
975,5694,9/4/24
272,5158,5/1/25
1235,2318,10/12/24
1311,4651,4/11/25
358,1172,4/6/25
1812,3310,1/10/25
1540,4010,11/7/24
1387,3522,11/6/24
1222,910,7/1/25
243,4073,7/19/25
1488,4538,5/30/25
502,5392,4/11/25
747,3108,6/28/25
313,1135,10/31/24
1119,3445,6/29/25
1213,2369,9/25/24
380,1157,3/4/25
193,1492,8/10/24
1550,81,3/21/25
1191,5640,9/5/24
1200,882,10/12/24
1555,884,1/10/25
1740,3779,6/6/25
1743,2667,6/9/25
1731,2065,9/22/24
1526,890,7/8/25
1602,5580,8/24/24
1807,2797,3/2/25
1570,1271,3/14/25
1126,4155,12/5/24
1160,3588,10/29/24
463,2283,1/15/25
1717,3312,7/12/25
435,3547,4/24/25
1165,1416,3/24/25
443,5901,2/22/25
1904,179,3/2/25
290,2313,4/23/25
1641,4856,9/14/24
1255,2344,8/24/24
1538,340,4/4/25
862,4997,1/13/25
507,573,6/22/25
776,4548,8/30/24
421,2512,10/7/24
514,1663,12/29/24
571,1591,12/9/24
1268,4388,5/10/25
424,2745,11/4/24
744,4095,4/2/25
786,1615,12/1/24
1423,4814,10/7/24
1933,329,10/24/24
1739,786,3/14/25
637,2545,7/27/25
1380,6222,7/30/25
277,3719,7/1/25
1735,3994,9/25/24
740,4152,2/16/25
1227,230,11/24/24
1547,4877,7/7/25
417,3158,5/7/25
1772,1359,9/17/24
1795,716,5/12/25
590,5001,12/6/24
1876,6225,8/30/24
198,2236,10/19/24
227,3660,5/29/25
1780,263,5/6/25
715,4447,2/6/25
281,1446,11/11/24
719,6001,6/6/25
320,1450,12/28/24
893,4320,11/19/24
1655,4875,10/6/24
421,2232,2/19/25
1777,1097,12/12/24
1091,5871,5/17/25
1350,5825,8/23/24
480,5915,10/9/24
1046,1876,9/9/24
1313,1262,7/23/25
470,958,5/31/25
790,2827,10/19/24
1573,4218,2/3/25
1774,2293,2/26/25
1592,5018,11/27/24
1052,5168,2/7/25
1896,6229,7/3/25
416,969,6/8/25
1038,2397,6/4/25
390,3554,11/29/24
1261,3457,2/8/25
489,637,8/21/24
1790,2663,7/30/25
1413,5553,3/1/25
28,5200,3/20/25
6,5959,11/24/24
1245,1126,4/3/25
476,5903,3/20/25
1490,5338,9/28/24
684,2314,10/6/24
1584,4067,9/8/24
1252,985,7/8/25
751,3085,8/13/24
1803,3608,7/14/25
8,2192,8/11/24
249,5577,12/22/24
147,5962,2/13/25
1940,4488,8/6/25
1248,673,3/30/25
51,426,5/21/25
1856,3056,9/23/24
1419,4141,12/27/24
160,2507,9/9/24
1324,3897,10/11/24
1933,1791,8/27/24
1994,6095,7/5/25
972,2748,10/5/24
1926,5060,8/26/24
32,1853,2/20/25
1683,4514,11/1/24
238,2600,6/15/25
1751,4583,12/19/24
1173,3347,1/11/25
1548,5783,2/7/25
848,347,5/28/25
1193,1004,1/11/25
684,3104,5/15/25
728,3617,7/5/25
927,2207,9/5/24
1220,3499,5/6/25
1292,4287,1/11/25
1693,5934,10/12/24
1942,4815,11/21/24
1657,1772,4/8/25
81,3749,5/15/25
1251,2038,1/5/25
1509,4752,1/13/25
1328,6027,6/15/25
1662,2495,3/17/25
1347,5587,5/22/25
1868,2671,4/29/25
1294,4393,11/16/24
1336,860,6/7/25
1252,3054,5/2/25
1607,4520,11/14/24
1586,4448,9/20/24
463,1528,4/5/25
1002,4309,12/24/24
419,894,12/18/24
1591,895,12/20/24
394,5444,7/17/25
817,4971,10/10/24
1106,2220,10/4/24
1920,5245,10/1/24
966,2101,4/25/25
1135,1526,8/26/24
378,4112,6/12/25
1357,2482,1/8/25
1612,5162,1/21/25
1559,3616,7/14/25
602,301,1/23/25
1283,5591,3/31/25
530,4668,8/3/25
1247,237,2/17/25
38,1400,10/23/24
634,4455,3/11/25
261,3741,9/17/24
141,3034,2/7/25
1711,1450,3/10/25
1267,645,8/18/24
445,1014,12/17/24
790,882,5/1/25
517,1134,4/29/25
1140,3797,3/23/25
1546,2035,4/19/25
1284,2322,6/23/25
1202,3093,8/4/25
1176,2577,7/22/25
1841,3015,3/17/25
601,1944,9/3/24
864,2658,1/23/25
774,2960,8/16/24
1996,5675,9/8/24
659,129,9/26/24
460,5498,6/18/25
268,1628,8/16/24
1437,3225,1/13/25
1528,5766,7/22/25
1619,1840,1/1/25
22,2124,1/14/25
1556,4808,8/16/24
951,482,11/5/24
1403,2196,9/17/24
1193,1139,5/7/25
1197,907,11/30/24
1176,4080,2/2/25
905,1443,11/11/24
1543,686,8/29/24
1805,1964,3/7/25
625,4383,6/12/25
744,4601,1/12/25
632,5603,6/26/25
1716,1350,8/3/25
1978,2154,8/31/24
1517,4626,4/13/25
976,2046,10/3/24
1962,1782,10/17/24
448,5133,12/19/24
1435,824,6/17/25
1851,5768,10/11/24
32,6169,6/10/25
278,483,9/14/24
206,3388,1/15/25
1563,3488,10/5/24
658,4111,4/14/25
1145,5930,5/18/25
783,2970,11/16/24
894,753,8/22/24
1797,3433,7/5/25
640,1822,4/9/25
1225,1036,9/12/24
1879,5721,9/26/24
535,2948,6/15/25
1967,2571,7/22/25
1017,6139,12/7/24
223,4621,10/30/24
112,5748,2/1/25
1530,236,7/31/25
1994,982,9/13/24
222,3208,10/5/24
295,1622,2/22/25
736,3303,2/21/25
1355,2024,7/8/25
1009,5560,7/21/25
699,1117,6/14/25
1928,306,7/12/25
1803,3269,10/22/24
921,1363,1/13/25
1886,2225,6/6/25
1020,3540,8/22/24
1527,5295,10/6/24
410,1160,1/31/25
176,4788,11/19/24
1196,2542,11/9/24
717,1072,12/26/24
1365,1931,2/1/25
1515,410,10/23/24
1799,1988,6/17/25
1445,710,6/17/25
374,3144,8/29/24
456,2997,11/27/24
1156,3137,12/14/24
548,2630,9/25/24
2,2728,7/15/25
1133,4721,4/21/25
1047,1605,6/16/25
103,4343,1/11/25
1285,6093,5/23/25
375,2391,4/5/25
1155,3907,4/10/25
1398,3746,5/12/25
836,6213,11/10/24
666,4238,2/9/25
31,2027,7/10/25
1753,5778,7/13/25
1947,2917,12/19/24
1998,6089,9/22/24
1780,5657,3/14/25
1468,301,3/24/25
1901,3641,1/20/25
1125,1659,11/10/24
1001,633,1/30/25
1338,4097,11/30/24
1078,5169,2/26/25
1498,233,9/29/24
858,3657,1/4/25
1134,5157,12/16/24
656,6185,1/2/25
610,2876,12/5/24
644,1326,12/8/24
1346,1724,2/20/25
75,2874,10/28/24
1227,2790,5/28/25
1733,3322,4/15/25
1938,4390,5/31/25
1930,4722,5/24/25
656,5068,6/23/25
1788,1696,2/16/25
1028,4636,1/25/25
13,1554,4/11/25
1017,4398,4/5/25
1012,1080,3/29/25
711,1442,1/25/25
27,380,9/9/24
1110,5369,6/14/25
446,3725,4/16/25
292,3746,4/23/25
709,5876,2/25/25
887,40,5/25/25
823,1606,11/9/24
1372,4431,10/16/24